[{"model": "admin.logentry", "pk": 1, "fields": {"action_time": "2025-02-24T10:30:41.877Z", "user": 1, "content_type": 18, "object_id": "9", "object_repr": "tech.bole - You have been assigned a new work order task: Work Order #1 - Transformer bole (transformer -- 002) .", "action_flag": 2, "change_message": "[{\"changed\": {\"fields\": [\"Type\"]}}]"}}, {"model": "admin.logentry", "pk": 2, "fields": {"action_time": "2025-02-24T10:31:12.555Z", "user": 1, "content_type": 18, "object_id": "1", "object_repr": "tech.adama - You have been assigned a new maintenance task: transformer 2.", "action_flag": 2, "change_message": "[{\"changed\": {\"fields\": [\"Type\"]}}]"}}, {"model": "admin.logentry", "pk": 3, "fields": {"action_time": "2025-03-03T07:45:40.485Z", "user": 1, "content_type": 27, "object_id": "1", "object_repr": "aaa - Daily", "action_flag": 1, "change_message": "[{\"added\": {}}]"}}, {"model": "admin.logentry", "pk": 4, "fields": {"action_time": "2025-03-05T12:03:02.321Z", "user": 1, "content_type": 9, "object_id": "24", "object_repr": "Equipment 5 (transformer dry t -- 0090) - transformer dry t (2025-03-05)", "action_flag": 2, "change_message": "[{\"changed\": {\"fields\": [\"Maintenance type\"]}}]"}}, {"model": "admin.logentry", "pk": 5, "fields": {"action_time": "2025-03-05T12:06:12.059Z", "user": 1, "content_type": 9, "object_id": "24", "object_repr": "Equipment 5 (transformer dry t -- 0090) - transformer dry t (2025-03-05)", "action_flag": 2, "change_message": "[{\"changed\": {\"fields\": [\"Maintenance type\"]}}]"}}, {"model": "admin.logentry", "pk": 6, "fields": {"action_time": "2025-03-06T07:11:50.759Z", "user": 1, "content_type": 9, "object_id": "19", "object_repr": "Equipment 5 (0090) - None (2025-03-05)", "action_flag": 3, "change_message": ""}}, {"model": "admin.logentry", "pk": 7, "fields": {"action_time": "2025-03-06T07:11:50.759Z", "user": 1, "content_type": 9, "object_id": "18", "object_repr": "equipment 4 (0056) - None (2025-03-05)", "action_flag": 3, "change_message": ""}}, {"model": "admin.logentry", "pk": 8, "fields": {"action_time": "2025-03-06T07:11:50.759Z", "user": 1, "content_type": 9, "object_id": "17", "object_repr": "equipment 4 (0056) - None (2025-03-05)", "action_flag": 3, "change_message": ""}}, {"model": "admin.logentry", "pk": 9, "fields": {"action_time": "2025-03-06T07:11:50.759Z", "user": 1, "content_type": 9, "object_id": "16", "object_repr": "equipment 4 (0056) - None (2025-03-04)", "action_flag": 3, "change_message": ""}}, {"model": "admin.logentry", "pk": 10, "fields": {"action_time": "2025-03-06T07:11:50.759Z", "user": 1, "content_type": 9, "object_id": "15", "object_repr": "equipment 4 (0056) - None (2025-03-04)", "action_flag": 3, "change_message": ""}}, {"model": "admin.logentry", "pk": 11, "fields": {"action_time": "2025-03-06T07:11:50.759Z", "user": 1, "content_type": 9, "object_id": "14", "object_repr": "equipment 4 (0056) - transformer oil type (2025-03-04)", "action_flag": 3, "change_message": ""}}, {"model": "admin.logentry", "pk": 12, "fields": {"action_time": "2025-03-06T07:11:50.759Z", "user": 1, "content_type": 9, "object_id": "13", "object_repr": "equipment 4 (0056) - None (2025-03-04)", "action_flag": 3, "change_message": ""}}, {"model": "admin.logentry", "pk": 13, "fields": {"action_time": "2025-03-06T07:11:50.759Z", "user": 1, "content_type": 9, "object_id": "12", "object_repr": "Transformer bole (002) - None (2025-02-24)", "action_flag": 3, "change_message": ""}}, {"model": "admin.logentry", "pk": 14, "fields": {"action_time": "2025-03-06T07:11:50.759Z", "user": 1, "content_type": 9, "object_id": "11", "object_repr": "New equipment (0097) - None (2025-02-24)", "action_flag": 3, "change_message": ""}}, {"model": "admin.logentry", "pk": 15, "fields": {"action_time": "2025-03-06T07:11:50.759Z", "user": 1, "content_type": 9, "object_id": "10", "object_repr": "New equipment (0097) - None (2025-02-24)", "action_flag": 3, "change_message": ""}}, {"model": "admin.logentry", "pk": 16, "fields": {"action_time": "2025-03-06T07:11:50.759Z", "user": 1, "content_type": 9, "object_id": "7", "object_repr": "Transformer bole (002) - None (2025-02-24)", "action_flag": 3, "change_message": ""}}, {"model": "admin.logentry", "pk": 17, "fields": {"action_time": "2025-03-06T07:11:50.759Z", "user": 1, "content_type": 9, "object_id": "6", "object_repr": "Transformer bole (002) - None (2025-02-24)", "action_flag": 3, "change_message": ""}}, {"model": "admin.logentry", "pk": 18, "fields": {"action_time": "2025-03-06T07:11:50.759Z", "user": 1, "content_type": 9, "object_id": "5", "object_repr": "Transformer bole (002) - None (2025-02-24)", "action_flag": 3, "change_message": ""}}, {"model": "admin.logentry", "pk": 19, "fields": {"action_time": "2025-03-06T07:11:50.759Z", "user": 1, "content_type": 9, "object_id": "4", "object_repr": "transformer (002) - None (2025-02-24)", "action_flag": 3, "change_message": ""}}, {"model": "admin.logentry", "pk": 20, "fields": {"action_time": "2025-03-06T07:11:50.759Z", "user": 1, "content_type": 9, "object_id": "3", "object_repr": "Transformer bole (002) - None (2025-02-24)", "action_flag": 3, "change_message": ""}}, {"model": "admin.logentry", "pk": 21, "fields": {"action_time": "2025-03-06T07:11:50.759Z", "user": 1, "content_type": 9, "object_id": "2", "object_repr": "transformer 2 (006) - None (2025-02-23)", "action_flag": 3, "change_message": ""}}, {"model": "admin.logentry", "pk": 22, "fields": {"action_time": "2025-03-06T07:11:50.759Z", "user": 1, "content_type": 9, "object_id": "1", "object_repr": "transformer (002) - None (2025-02-23)", "action_flag": 3, "change_message": ""}}, {"model": "admin.logentry", "pk": 23, "fields": {"action_time": "2025-03-06T07:12:23.544Z", "user": 1, "content_type": 11, "object_id": "2", "object_repr": "Work Order #2 - equipment 3 (0056)", "action_flag": 3, "change_message": ""}}, {"model": "admin.logentry", "pk": 24, "fields": {"action_time": "2025-03-06T07:12:23.544Z", "user": 1, "content_type": 11, "object_id": "1", "object_repr": "Work Order #1 - Transformer bole (002)", "action_flag": 3, "change_message": ""}}, {"model": "admin.logentry", "pk": 25, "fields": {"action_time": "2025-03-06T08:18:29.084Z", "user": 1, "content_type": 8, "object_id": "7", "object_repr": "equipment 4 (0056)", "action_flag": 3, "change_message": ""}}, {"model": "admin.logentry", "pk": 26, "fields": {"action_time": "2025-03-06T08:18:29.084Z", "user": 1, "content_type": 8, "object_id": "6", "object_repr": "New equipment (009)", "action_flag": 3, "change_message": ""}}, {"model": "admin.logentry", "pk": 27, "fields": {"action_time": "2025-03-06T08:18:29.084Z", "user": 1, "content_type": 8, "object_id": "5", "object_repr": "equipment 3 (0056)", "action_flag": 3, "change_message": ""}}, {"model": "admin.logentry", "pk": 28, "fields": {"action_time": "2025-03-06T08:18:29.084Z", "user": 1, "content_type": 8, "object_id": "4", "object_repr": "New equipment (0097)", "action_flag": 3, "change_message": ""}}, {"model": "admin.logentry", "pk": 29, "fields": {"action_time": "2025-03-06T08:18:29.084Z", "user": 1, "content_type": 8, "object_id": "3", "object_repr": "transformer 2 (006)", "action_flag": 3, "change_message": ""}}, {"model": "admin.logentry", "pk": 30, "fields": {"action_time": "2025-03-06T08:18:29.084Z", "user": 1, "content_type": 8, "object_id": "2", "object_repr": "Transformer bole (002)", "action_flag": 3, "change_message": ""}}, {"model": "admin.logentry", "pk": 31, "fields": {"action_time": "2025-03-06T08:18:29.084Z", "user": 1, "content_type": 8, "object_id": "1", "object_repr": "transformer (002)", "action_flag": 3, "change_message": ""}}, {"model": "admin.logentry", "pk": 32, "fields": {"action_time": "2025-03-06T08:19:00.736Z", "user": 1, "content_type": 22, "object_id": "6", "object_repr": "transformer oil type", "action_flag": 3, "change_message": ""}}, {"model": "admin.logentry", "pk": 33, "fields": {"action_time": "2025-03-06T08:19:00.736Z", "user": 1, "content_type": 22, "object_id": "5", "object_repr": "transformer dry t", "action_flag": 3, "change_message": ""}}, {"model": "admin.logentry", "pk": 34, "fields": {"action_time": "2025-03-06T08:19:00.736Z", "user": 1, "content_type": 22, "object_id": "4", "object_repr": "check", "action_flag": 3, "change_message": ""}}, {"model": "admin.logentry", "pk": 35, "fields": {"action_time": "2025-03-06T08:19:00.736Z", "user": 1, "content_type": 22, "object_id": "3", "object_repr": "for trial only", "action_flag": 3, "change_message": ""}}, {"model": "admin.logentry", "pk": 36, "fields": {"action_time": "2025-03-06T08:19:00.736Z", "user": 1, "content_type": 22, "object_id": "2", "object_repr": "transformer", "action_flag": 3, "change_message": ""}}, {"model": "admin.logentry", "pk": 37, "fields": {"action_time": "2025-03-16T09:02:09.185Z", "user": 1, "content_type": 30, "object_id": "1", "object_repr": "Scheduler Lock (ID: 1, Locked: False)", "action_flag": 2, "change_message": "[{\"changed\": {\"fields\": [\"Locked\"]}}]"}}, {"model": "admin.logentry", "pk": 38, "fields": {"action_time": "2025-03-16T12:19:04.556Z", "user": 1, "content_type": 8, "object_id": "15", "object_repr": "Transformer 99 (00978)", "action_flag": 2, "change_message": "[{\"changed\": {\"fields\": [\"Decommissioned\"]}}]"}}, {"model": "admin.logentry", "pk": 39, "fields": {"action_time": "2025-03-17T05:59:48.059Z", "user": 1, "content_type": 30, "object_id": "1", "object_repr": "Scheduler Lock (ID: 1, Locked: False)", "action_flag": 2, "change_message": "[{\"changed\": {\"fields\": [\"Locked\"]}}]"}}, {"model": "admin.logentry", "pk": 40, "fields": {"action_time": "2025-03-21T06:48:57.125Z", "user": 1, "content_type": 18, "object_id": "226", "object_repr": "manager.bole - The work order for Transformer 60 has been marked as complete.", "action_flag": 2, "change_message": "[{\"changed\": {\"fields\": [\"Type\"]}}]"}}, {"model": "admin.logentry", "pk": 41, "fields": {"action_time": "2025-03-21T06:49:15.798Z", "user": 1, "content_type": 18, "object_id": "226", "object_repr": "manager.bole - The work order for Transformer 60 has been marked as complete.", "action_flag": 2, "change_message": "[{\"changed\": {\"fields\": [\"Type\"]}}]"}}, {"model": "admin.logentry", "pk": 42, "fields": {"action_time": "2025-03-25T06:37:10.961Z", "user": 1, "content_type": 8, "object_id": "15", "object_repr": "Transformer 99 (00978)", "action_flag": 3, "change_message": ""}}, {"model": "admin.logentry", "pk": 43, "fields": {"action_time": "2025-04-08T06:13:30.759Z", "user": 14, "content_type": 11, "object_id": "20", "object_repr": "Work Order #20 - Transformer 60 (00999)", "action_flag": 2, "change_message": "[{\"changed\": {\"fields\": [\"Remark\"]}}]"}}, {"model": "admin.logentry", "pk": 44, "fields": {"action_time": "2025-04-08T06:13:50.882Z", "user": 14, "content_type": 11, "object_id": "21", "object_repr": "Work Order #21 - Transformer 60 (00999)", "action_flag": 2, "change_message": "[{\"changed\": {\"fields\": [\"Remark\"]}}]"}}, {"model": "admin.logentry", "pk": 45, "fields": {"action_time": "2025-04-08T06:14:01.160Z", "user": 14, "content_type": 11, "object_id": "22", "object_repr": "Work Order #22 - Transformer 60 (00999)", "action_flag": 2, "change_message": "[{\"changed\": {\"fields\": [\"Remark\"]}}]"}}, {"model": "auth.permission", "pk": 1, "fields": {"name": "Can add log entry", "content_type": 1, "codename": "add_logentry"}}, {"model": "auth.permission", "pk": 2, "fields": {"name": "Can change log entry", "content_type": 1, "codename": "change_logentry"}}, {"model": "auth.permission", "pk": 3, "fields": {"name": "Can delete log entry", "content_type": 1, "codename": "delete_logentry"}}, {"model": "auth.permission", "pk": 4, "fields": {"name": "Can view log entry", "content_type": 1, "codename": "view_logentry"}}, {"model": "auth.permission", "pk": 5, "fields": {"name": "Can add permission", "content_type": 2, "codename": "add_permission"}}, {"model": "auth.permission", "pk": 6, "fields": {"name": "Can change permission", "content_type": 2, "codename": "change_permission"}}, {"model": "auth.permission", "pk": 7, "fields": {"name": "Can delete permission", "content_type": 2, "codename": "delete_permission"}}, {"model": "auth.permission", "pk": 8, "fields": {"name": "Can view permission", "content_type": 2, "codename": "view_permission"}}, {"model": "auth.permission", "pk": 9, "fields": {"name": "Can add group", "content_type": 3, "codename": "add_group"}}, {"model": "auth.permission", "pk": 10, "fields": {"name": "Can change group", "content_type": 3, "codename": "change_group"}}, {"model": "auth.permission", "pk": 11, "fields": {"name": "Can delete group", "content_type": 3, "codename": "delete_group"}}, {"model": "auth.permission", "pk": 12, "fields": {"name": "Can view group", "content_type": 3, "codename": "view_group"}}, {"model": "auth.permission", "pk": 13, "fields": {"name": "Can add user", "content_type": 4, "codename": "add_user"}}, {"model": "auth.permission", "pk": 14, "fields": {"name": "Can change user", "content_type": 4, "codename": "change_user"}}, {"model": "auth.permission", "pk": 15, "fields": {"name": "Can delete user", "content_type": 4, "codename": "delete_user"}}, {"model": "auth.permission", "pk": 16, "fields": {"name": "Can view user", "content_type": 4, "codename": "view_user"}}, {"model": "auth.permission", "pk": 17, "fields": {"name": "Can add content type", "content_type": 5, "codename": "add_contenttype"}}, {"model": "auth.permission", "pk": 18, "fields": {"name": "Can change content type", "content_type": 5, "codename": "change_contenttype"}}, {"model": "auth.permission", "pk": 19, "fields": {"name": "Can delete content type", "content_type": 5, "codename": "delete_contenttype"}}, {"model": "auth.permission", "pk": 20, "fields": {"name": "Can view content type", "content_type": 5, "codename": "view_contenttype"}}, {"model": "auth.permission", "pk": 21, "fields": {"name": "Can add session", "content_type": 6, "codename": "add_session"}}, {"model": "auth.permission", "pk": 22, "fields": {"name": "Can change session", "content_type": 6, "codename": "change_session"}}, {"model": "auth.permission", "pk": 23, "fields": {"name": "Can delete session", "content_type": 6, "codename": "delete_session"}}, {"model": "auth.permission", "pk": 24, "fields": {"name": "Can view session", "content_type": 6, "codename": "view_session"}}, {"model": "auth.permission", "pk": 25, "fields": {"name": "Can add branch", "content_type": 7, "codename": "add_branch"}}, {"model": "auth.permission", "pk": 26, "fields": {"name": "Can change branch", "content_type": 7, "codename": "change_branch"}}, {"model": "auth.permission", "pk": 27, "fields": {"name": "Can delete branch", "content_type": 7, "codename": "delete_branch"}}, {"model": "auth.permission", "pk": 28, "fields": {"name": "Can view branch", "content_type": 7, "codename": "view_branch"}}, {"model": "auth.permission", "pk": 29, "fields": {"name": "Can add equipment", "content_type": 8, "codename": "add_equipment"}}, {"model": "auth.permission", "pk": 30, "fields": {"name": "Can change equipment", "content_type": 8, "codename": "change_equipment"}}, {"model": "auth.permission", "pk": 31, "fields": {"name": "Can delete equipment", "content_type": 8, "codename": "delete_equipment"}}, {"model": "auth.permission", "pk": 32, "fields": {"name": "Can view equipment", "content_type": 8, "codename": "view_equipment"}}, {"model": "auth.permission", "pk": 33, "fields": {"name": "Can add maintenance record", "content_type": 9, "codename": "add_maintenancerecord"}}, {"model": "auth.permission", "pk": 34, "fields": {"name": "Can change maintenance record", "content_type": 9, "codename": "change_maintenancerecord"}}, {"model": "auth.permission", "pk": 35, "fields": {"name": "Can delete maintenance record", "content_type": 9, "codename": "delete_maintenancerecord"}}, {"model": "auth.permission", "pk": 36, "fields": {"name": "Can view maintenance record", "content_type": 9, "codename": "view_maintenancerecord"}}, {"model": "auth.permission", "pk": 37, "fields": {"name": "Can add spare part", "content_type": 10, "codename": "add_sparepart"}}, {"model": "auth.permission", "pk": 38, "fields": {"name": "Can change spare part", "content_type": 10, "codename": "change_sparepart"}}, {"model": "auth.permission", "pk": 39, "fields": {"name": "Can delete spare part", "content_type": 10, "codename": "delete_sparepart"}}, {"model": "auth.permission", "pk": 40, "fields": {"name": "Can view spare part", "content_type": 10, "codename": "view_sparepart"}}, {"model": "auth.permission", "pk": 41, "fields": {"name": "Can add Work Order", "content_type": 11, "codename": "add_workorder"}}, {"model": "auth.permission", "pk": 42, "fields": {"name": "Can change Work Order", "content_type": 11, "codename": "change_workorder"}}, {"model": "auth.permission", "pk": 43, "fields": {"name": "Can delete Work Order", "content_type": 11, "codename": "delete_workorder"}}, {"model": "auth.permission", "pk": 44, "fields": {"name": "Can view Work Order", "content_type": 11, "codename": "view_workorder"}}, {"model": "auth.permission", "pk": 45, "fields": {"name": "Can add user profile", "content_type": 12, "codename": "add_userprofile"}}, {"model": "auth.permission", "pk": 46, "fields": {"name": "Can change user profile", "content_type": 12, "codename": "change_userprofile"}}, {"model": "auth.permission", "pk": 47, "fields": {"name": "Can delete user profile", "content_type": 12, "codename": "delete_userprofile"}}, {"model": "auth.permission", "pk": 48, "fields": {"name": "Can view user profile", "content_type": 12, "codename": "view_userprofile"}}, {"model": "auth.permission", "pk": 49, "fields": {"name": "Can add spare part usage", "content_type": 13, "codename": "add_sparepartusage"}}, {"model": "auth.permission", "pk": 50, "fields": {"name": "Can change spare part usage", "content_type": 13, "codename": "change_sparepartusage"}}, {"model": "auth.permission", "pk": 51, "fields": {"name": "Can delete spare part usage", "content_type": 13, "codename": "delete_sparepartusage"}}, {"model": "auth.permission", "pk": 52, "fields": {"name": "Can view spare part usage", "content_type": 13, "codename": "view_sparepartusage"}}, {"model": "auth.permission", "pk": 53, "fields": {"name": "Can add manufacturer", "content_type": 14, "codename": "add_manufacturer"}}, {"model": "auth.permission", "pk": 54, "fields": {"name": "Can change manufacturer", "content_type": 14, "codename": "change_manufacturer"}}, {"model": "auth.permission", "pk": 55, "fields": {"name": "Can delete manufacturer", "content_type": 14, "codename": "delete_manufacturer"}}, {"model": "auth.permission", "pk": 56, "fields": {"name": "Can view manufacturer", "content_type": 14, "codename": "view_manufacturer"}}, {"model": "auth.permission", "pk": 57, "fields": {"name": "Can add maintenance type", "content_type": 15, "codename": "add_maintenancetype"}}, {"model": "auth.permission", "pk": 58, "fields": {"name": "Can change maintenance type", "content_type": 15, "codename": "change_maintenancetype"}}, {"model": "auth.permission", "pk": 59, "fields": {"name": "Can delete maintenance type", "content_type": 15, "codename": "delete_maintenancetype"}}, {"model": "auth.permission", "pk": 60, "fields": {"name": "Can view maintenance type", "content_type": 15, "codename": "view_maintenancetype"}}, {"model": "auth.permission", "pk": 61, "fields": {"name": "Can add decommissioned equipment", "content_type": 16, "codename": "add_decommissionedequipment"}}, {"model": "auth.permission", "pk": 62, "fields": {"name": "Can change decommissioned equipment", "content_type": 16, "codename": "change_decommissionedequipment"}}, {"model": "auth.permission", "pk": 63, "fields": {"name": "Can delete decommissioned equipment", "content_type": 16, "codename": "delete_decommissionedequipment"}}, {"model": "auth.permission", "pk": 64, "fields": {"name": "Can view decommissioned equipment", "content_type": 16, "codename": "view_decommissionedequipment"}}, {"model": "auth.permission", "pk": 65, "fields": {"name": "Can add Chemical", "content_type": 17, "codename": "add_chemical"}}, {"model": "auth.permission", "pk": 66, "fields": {"name": "Can change Chemical", "content_type": 17, "codename": "change_chemical"}}, {"model": "auth.permission", "pk": 67, "fields": {"name": "Can delete Chemical", "content_type": 17, "codename": "delete_chemical"}}, {"model": "auth.permission", "pk": 68, "fields": {"name": "Can view Chemical", "content_type": 17, "codename": "view_chemical"}}, {"model": "auth.permission", "pk": 69, "fields": {"name": "Can add notification", "content_type": 18, "codename": "add_notification"}}, {"model": "auth.permission", "pk": 70, "fields": {"name": "Can change notification", "content_type": 18, "codename": "change_notification"}}, {"model": "auth.permission", "pk": 71, "fields": {"name": "Can delete notification", "content_type": 18, "codename": "delete_notification"}}, {"model": "auth.permission", "pk": 72, "fields": {"name": "Can view notification", "content_type": 18, "codename": "view_notification"}}, {"model": "auth.permission", "pk": 73, "fields": {"name": "Can add restock spare part", "content_type": 19, "codename": "add_restocksparepart"}}, {"model": "auth.permission", "pk": 74, "fields": {"name": "Can change restock spare part", "content_type": 19, "codename": "change_restocksparepart"}}, {"model": "auth.permission", "pk": 75, "fields": {"name": "Can delete restock spare part", "content_type": 19, "codename": "delete_restocksparepart"}}, {"model": "auth.permission", "pk": 76, "fields": {"name": "Can view restock spare part", "content_type": 19, "codename": "view_restocksparepart"}}, {"model": "auth.permission", "pk": 77, "fields": {"name": "Can add chemical usage", "content_type": 20, "codename": "add_chemicalusage"}}, {"model": "auth.permission", "pk": 78, "fields": {"name": "Can change chemical usage", "content_type": 20, "codename": "change_chemicalusage"}}, {"model": "auth.permission", "pk": 79, "fields": {"name": "Can delete chemical usage", "content_type": 20, "codename": "delete_chemicalusage"}}, {"model": "auth.permission", "pk": 80, "fields": {"name": "Can view chemical usage", "content_type": 20, "codename": "view_chemicalusage"}}, {"model": "auth.permission", "pk": 81, "fields": {"name": "Can add restock chemical", "content_type": 21, "codename": "add_restockchemical"}}, {"model": "auth.permission", "pk": 82, "fields": {"name": "Can change restock chemical", "content_type": 21, "codename": "change_restockchemical"}}, {"model": "auth.permission", "pk": 83, "fields": {"name": "Can delete restock chemical", "content_type": 21, "codename": "delete_restockchemical"}}, {"model": "auth.permission", "pk": 84, "fields": {"name": "Can view restock chemical", "content_type": 21, "codename": "view_restockchemical"}}, {"model": "auth.permission", "pk": 85, "fields": {"name": "Can add maintenance task", "content_type": 22, "codename": "add_maintenancetask"}}, {"model": "auth.permission", "pk": 86, "fields": {"name": "Can change maintenance task", "content_type": 22, "codename": "change_maintenancetask"}}, {"model": "auth.permission", "pk": 87, "fields": {"name": "Can delete maintenance task", "content_type": 22, "codename": "delete_maintenancetask"}}, {"model": "auth.permission", "pk": 88, "fields": {"name": "Can view maintenance task", "content_type": 22, "codename": "view_maintenancetask"}}, {"model": "auth.permission", "pk": 89, "fields": {"name": "Can add chemical usage", "content_type": 23, "codename": "add_chemicalusage"}}, {"model": "auth.permission", "pk": 90, "fields": {"name": "Can change chemical usage", "content_type": 23, "codename": "change_chemicalusage"}}, {"model": "auth.permission", "pk": 91, "fields": {"name": "Can delete chemical usage", "content_type": 23, "codename": "delete_chemicalusage"}}, {"model": "auth.permission", "pk": 92, "fields": {"name": "Can view chemical usage", "content_type": 23, "codename": "view_chemicalusage"}}, {"model": "auth.permission", "pk": 93, "fields": {"name": "Can add Chemical", "content_type": 24, "codename": "add_chemical"}}, {"model": "auth.permission", "pk": 94, "fields": {"name": "Can change Chemical", "content_type": 24, "codename": "change_chemical"}}, {"model": "auth.permission", "pk": 95, "fields": {"name": "Can delete Chemical", "content_type": 24, "codename": "delete_chemical"}}, {"model": "auth.permission", "pk": 96, "fields": {"name": "Can view Chemical", "content_type": 24, "codename": "view_chemical"}}, {"model": "auth.permission", "pk": 97, "fields": {"name": "Can add restock chemical", "content_type": 25, "codename": "add_restockchemical"}}, {"model": "auth.permission", "pk": 98, "fields": {"name": "Can change restock chemical", "content_type": 25, "codename": "change_restockchemical"}}, {"model": "auth.permission", "pk": 99, "fields": {"name": "Can delete restock chemical", "content_type": 25, "codename": "delete_restockchemical"}}, {"model": "auth.permission", "pk": 100, "fields": {"name": "Can view restock chemical", "content_type": 25, "codename": "view_restockchemical"}}, {"model": "auth.permission", "pk": 101, "fields": {"name": "Can add task", "content_type": 26, "codename": "add_task"}}, {"model": "auth.permission", "pk": 102, "fields": {"name": "Can change task", "content_type": 26, "codename": "change_task"}}, {"model": "auth.permission", "pk": 103, "fields": {"name": "Can delete task", "content_type": 26, "codename": "delete_task"}}, {"model": "auth.permission", "pk": 104, "fields": {"name": "Can view task", "content_type": 26, "codename": "view_task"}}, {"model": "auth.permission", "pk": 105, "fields": {"name": "Can add task group", "content_type": 27, "codename": "add_taskgroup"}}, {"model": "auth.permission", "pk": 106, "fields": {"name": "Can change task group", "content_type": 27, "codename": "change_taskgroup"}}, {"model": "auth.permission", "pk": 107, "fields": {"name": "Can delete task group", "content_type": 27, "codename": "delete_taskgroup"}}, {"model": "auth.permission", "pk": 108, "fields": {"name": "Can view task group", "content_type": 27, "codename": "view_taskgroup"}}, {"model": "auth.permission", "pk": 109, "fields": {"name": "Can add sub task", "content_type": 28, "codename": "add_subtask"}}, {"model": "auth.permission", "pk": 110, "fields": {"name": "Can change sub task", "content_type": 28, "codename": "change_subtask"}}, {"model": "auth.permission", "pk": 111, "fields": {"name": "Can delete sub task", "content_type": 28, "codename": "delete_subtask"}}, {"model": "auth.permission", "pk": 112, "fields": {"name": "Can view sub task", "content_type": 28, "codename": "view_subtask"}}, {"model": "auth.permission", "pk": 113, "fields": {"name": "Can add task completion", "content_type": 29, "codename": "add_taskcompletion"}}, {"model": "auth.permission", "pk": 114, "fields": {"name": "Can change task completion", "content_type": 29, "codename": "change_taskcompletion"}}, {"model": "auth.permission", "pk": 115, "fields": {"name": "Can delete task completion", "content_type": 29, "codename": "delete_taskcompletion"}}, {"model": "auth.permission", "pk": 116, "fields": {"name": "Can view task completion", "content_type": 29, "codename": "view_taskcompletion"}}, {"model": "auth.permission", "pk": 117, "fields": {"name": "Can add scheduler lock", "content_type": 30, "codename": "add_schedulerlock"}}, {"model": "auth.permission", "pk": 118, "fields": {"name": "Can change scheduler lock", "content_type": 30, "codename": "change_schedulerlock"}}, {"model": "auth.permission", "pk": 119, "fields": {"name": "Can delete scheduler lock", "content_type": 30, "codename": "delete_schedulerlock"}}, {"model": "auth.permission", "pk": 120, "fields": {"name": "Can view scheduler lock", "content_type": 30, "codename": "view_schedulerlock"}}, {"model": "auth.permission", "pk": 121, "fields": {"name": "Can add log entry", "content_type": 31, "codename": "add_logentry"}}, {"model": "auth.permission", "pk": 122, "fields": {"name": "Can change log entry", "content_type": 31, "codename": "change_logentry"}}, {"model": "auth.permission", "pk": 123, "fields": {"name": "Can delete log entry", "content_type": 31, "codename": "delete_logentry"}}, {"model": "auth.permission", "pk": 124, "fields": {"name": "Can view log entry", "content_type": 31, "codename": "view_logentry"}}, {"model": "auth.user", "pk": 1, "fields": {"password": "pbkdf2_sha256$870000$QHmodj6pj3R5bXXftsCRZx$VpYyEnia+RbrZfpiixPyJEWy7ZuDfScz1LFggdU+ehc=", "last_login": "2025-04-13T16:35:49.054Z", "is_superuser": true, "username": "eyob", "first_name": "", "last_name": "", "email": "", "is_staff": true, "is_active": true, "date_joined": "2025-02-23T06:33:48.436Z", "groups": [], "user_permissions": []}}, {"model": "auth.user", "pk": 2, "fields": {"password": "pbkdf2_sha256$870000$ZhHDFEdwRyfhC75ooNjC53$0wmmcBuqCEpTS9o2MS+cjaa2BdoN+fZ2mtVcw68Htxc=", "last_login": "2025-04-01T06:51:23.294Z", "is_superuser": false, "username": "admin.admin", "first_name": "admin", "last_name": "admin", "email": "", "is_staff": false, "is_active": true, "date_joined": "2025-02-23T06:37:10.073Z", "groups": [], "user_permissions": []}}, {"model": "auth.user", "pk": 3, "fields": {"password": "pbkdf2_sha256$870000$mEm1eZKV9lBkGtexcAlrI5$tZHpZqBofILrp6O/r/VqWLwy7gUEdbl4gm3LLgAUNvM=", "last_login": "2025-03-25T06:05:33.039Z", "is_superuser": false, "username": "manager.adama", "first_name": "manager", "last_name": "adama", "email": "", "is_staff": false, "is_active": true, "date_joined": "2025-02-23T06:38:04.378Z", "groups": [], "user_permissions": []}}, {"model": "auth.user", "pk": 4, "fields": {"password": "pbkdf2_sha256$870000$o2p8bWAvkuMIQXcyuBX3kI$XzFh4nFm4oTgN1l0PkIXN4Tw/Vz86lnBMEANJOdYtXU=", "last_login": "2025-04-13T19:56:43.819Z", "is_superuser": false, "username": "manager.bole", "first_name": "manager", "last_name": "bole", "email": "", "is_staff": false, "is_active": true, "date_joined": "2025-02-23T06:38:33.949Z", "groups": [], "user_permissions": []}}, {"model": "auth.user", "pk": 5, "fields": {"password": "pbkdf2_sha256$870000$mklpZlyoAU4BLK7pjpNXpp$lFybujeHYcFGQNnI7VBCcqxKMuNzA3pO0hNaoYQ0M4E=", "last_login": "2025-03-20T07:18:55.074Z", "is_superuser": false, "username": "tech.adama", "first_name": "tech", "last_name": "adama", "email": "", "is_staff": false, "is_active": true, "date_joined": "2025-02-23T06:39:22.530Z", "groups": [], "user_permissions": []}}, {"model": "auth.user", "pk": 6, "fields": {"password": "pbkdf2_sha256$870000$NHUTHT1vVJjxeKfjeHqQNJ$2mFSjXf2lqozEiNMPq58VRk5RLL2DKrFTw0XDic/KCQ=", "last_login": "2025-04-13T18:48:44.112Z", "is_superuser": false, "username": "tech.bole", "first_name": "tech", "last_name": "bole", "email": "", "is_staff": false, "is_active": true, "date_joined": "2025-02-23T06:39:53.422Z", "groups": [], "user_permissions": []}}, {"model": "auth.user", "pk": 7, "fields": {"password": "pbkdf2_sha256$870000$h39ZxxycoeQE42aEmGhUGr$Kk1hrZ97g00RCuzJxcy3xwNx5ZtoojzafoGDionPFN4=", "last_login": "2025-04-11T07:53:14.727Z", "is_superuser": false, "username": "client.bole", "first_name": "client", "last_name": "bole", "email": "", "is_staff": false, "is_active": true, "date_joined": "2025-02-24T05:08:12.779Z", "groups": [], "user_permissions": []}}, {"model": "auth.user", "pk": 8, "fields": {"password": "pbkdf2_sha256$870000$9ml5WU7gll32AQdRGYVepy$RjP1AzASo3Ffek86RzTtBSbwgAjBkrFxcK5ZbziN4jA=", "last_login": "2025-04-12T18:03:31.420Z", "is_superuser": false, "username": "chemical.oversight", "first_name": "chemical", "last_name": "oversight", "email": "", "is_staff": false, "is_active": true, "date_joined": "2025-02-24T07:24:48.811Z", "groups": [], "user_permissions": []}}, {"model": "auth.user", "pk": 9, "fields": {"password": "pbkdf2_sha256$870000$0DG1ug7gT4yKz3vGq3fc51$6VwO74je6notdRZHBb0/uIRznpNFUsmaYW3725ed9gw=", "last_login": "2025-04-07T20:01:51.823Z", "is_superuser": false, "username": "tech.bole1", "first_name": "tech", "last_name": "bole", "email": "", "is_staff": false, "is_active": true, "date_joined": "2025-03-06T08:31:05.266Z", "groups": [], "user_permissions": []}}, {"model": "auth.user", "pk": 10, "fields": {"password": "pbkdf2_sha256$870000$B0mlr3i68kdGP3pILn5ghp$/CMicQJB6fPRFYarLH/eB1ui+Uo01GMI3dcune5BMfc=", "last_login": "2025-04-07T20:02:10.520Z", "is_superuser": false, "username": "tech.bole2", "first_name": "tech", "last_name": "bole2", "email": "", "is_staff": false, "is_active": true, "date_joined": "2025-03-06T08:32:28.394Z", "groups": [], "user_permissions": []}}, {"model": "auth.user", "pk": 11, "fields": {"password": "pbkdf2_sha256$870000$h61foBjSmCkBpRv4jwyPD9$mPzFWTo9qdsDQrUkk/n2G3prA0Rd1pkH6vIB+JNxVeo=", "last_login": "2025-04-13T19:55:51.167Z", "is_superuser": false, "username": "maintenance.oversight", "first_name": "maintenance", "last_name": "oversight", "email": "", "is_staff": false, "is_active": true, "date_joined": "2025-03-09T22:56:00.640Z", "groups": [], "user_permissions": []}}, {"model": "auth.user", "pk": 12, "fields": {"password": "pbkdf2_sha256$870000$QxAxx8jYCVczGC1FTtHjEI$waaV1UhxcVrcAsYsNt5X3kETwJrRTpX2yz9Riwbp4Cg=", "last_login": "2025-03-13T08:21:08.211Z", "is_superuser": false, "username": "tech2.adama", "first_name": "tech2", "last_name": "adama", "email": "", "is_staff": false, "is_active": true, "date_joined": "2025-03-13T07:03:21.005Z", "groups": [], "user_permissions": []}}, {"model": "auth.user", "pk": 13, "fields": {"password": "pbkdf2_sha256$870000$orG6qsY8nxVWsLzQJTlGij$h2jcDBPXv38CteoiZDXXEY7kAd4ND3pROrpESlVR10k=", "last_login": null, "is_superuser": false, "username": "tech3.adama", "first_name": "tech3", "last_name": "adama", "email": "", "is_staff": false, "is_active": true, "date_joined": "2025-03-13T07:03:45.943Z", "groups": [], "user_permissions": []}}, {"model": "auth.user", "pk": 14, "fields": {"password": "pbkdf2_sha256$870000$q51DbWQJpSXmVotHsCU3L6$NGHVaCm687bqPekXO9IG6/Da1pRoboWO0VSWz1E1FAI=", "last_login": "2025-04-13T18:16:54.202Z", "is_superuser": true, "username": "eyob2", "first_name": "", "last_name": "", "email": "", "is_staff": true, "is_active": true, "date_joined": "2025-04-08T06:11:25.016Z", "groups": [], "user_permissions": []}}, {"model": "contenttypes.contenttype", "pk": 1, "fields": {"app_label": "admin", "model": "logentry"}}, {"model": "contenttypes.contenttype", "pk": 2, "fields": {"app_label": "auth", "model": "permission"}}, {"model": "contenttypes.contenttype", "pk": 3, "fields": {"app_label": "auth", "model": "group"}}, {"model": "contenttypes.contenttype", "pk": 4, "fields": {"app_label": "auth", "model": "user"}}, {"model": "contenttypes.contenttype", "pk": 5, "fields": {"app_label": "contenttypes", "model": "contenttype"}}, {"model": "contenttypes.contenttype", "pk": 6, "fields": {"app_label": "sessions", "model": "session"}}, {"model": "contenttypes.contenttype", "pk": 7, "fields": {"app_label": "maintenance", "model": "branch"}}, {"model": "contenttypes.contenttype", "pk": 8, "fields": {"app_label": "maintenance", "model": "equipment"}}, {"model": "contenttypes.contenttype", "pk": 9, "fields": {"app_label": "maintenance", "model": "maintenancerecord"}}, {"model": "contenttypes.contenttype", "pk": 10, "fields": {"app_label": "maintenance", "model": "sparepart"}}, {"model": "contenttypes.contenttype", "pk": 11, "fields": {"app_label": "maintenance", "model": "workorder"}}, {"model": "contenttypes.contenttype", "pk": 12, "fields": {"app_label": "maintenance", "model": "userprofile"}}, {"model": "contenttypes.contenttype", "pk": 13, "fields": {"app_label": "maintenance", "model": "sparepartusage"}}, {"model": "contenttypes.contenttype", "pk": 14, "fields": {"app_label": "maintenance", "model": "manufacturer"}}, {"model": "contenttypes.contenttype", "pk": 15, "fields": {"app_label": "maintenance", "model": "maintenancetype"}}, {"model": "contenttypes.contenttype", "pk": 16, "fields": {"app_label": "maintenance", "model": "decommissionedequipment"}}, {"model": "contenttypes.contenttype", "pk": 17, "fields": {"app_label": "maintenance", "model": "chemical"}}, {"model": "contenttypes.contenttype", "pk": 18, "fields": {"app_label": "maintenance", "model": "notification"}}, {"model": "contenttypes.contenttype", "pk": 19, "fields": {"app_label": "maintenance", "model": "restocksparepart"}}, {"model": "contenttypes.contenttype", "pk": 20, "fields": {"app_label": "maintenance", "model": "chemicalusage"}}, {"model": "contenttypes.contenttype", "pk": 21, "fields": {"app_label": "maintenance", "model": "restockchemical"}}, {"model": "contenttypes.contenttype", "pk": 22, "fields": {"app_label": "maintenance", "model": "maintenancetask"}}, {"model": "contenttypes.contenttype", "pk": 23, "fields": {"app_label": "chemical", "model": "chemicalusage"}}, {"model": "contenttypes.contenttype", "pk": 24, "fields": {"app_label": "chemical", "model": "chemical"}}, {"model": "contenttypes.contenttype", "pk": 25, "fields": {"app_label": "chemical", "model": "restockchemical"}}, {"model": "contenttypes.contenttype", "pk": 26, "fields": {"app_label": "maintenance", "model": "task"}}, {"model": "contenttypes.contenttype", "pk": 27, "fields": {"app_label": "maintenance", "model": "taskgroup"}}, {"model": "contenttypes.contenttype", "pk": 28, "fields": {"app_label": "maintenance", "model": "subtask"}}, {"model": "contenttypes.contenttype", "pk": 29, "fields": {"app_label": "maintenance", "model": "taskcompletion"}}, {"model": "contenttypes.contenttype", "pk": 30, "fields": {"app_label": "maintenance", "model": "schedulerlock"}}, {"model": "contenttypes.contenttype", "pk": 31, "fields": {"app_label": "auditlog", "model": "logentry"}}, {"model": "sessions.session", "pk": "0296t4gy731ygrtps5p5q0kjmavxqh7f", "fields": {"session_data": ".eJxVjEEOwiAQRe_C2pAphRZcuu8ZyAwMUjWQlHZlvLtt0oVu_3vvv4XHbc1-a7z4OYqr0OLyuxGGJ5cDxAeWe5WhlnWZSR6KPGmTU438up3u30HGlvc6JYNKj6pDdj04Z01E6DtndBpI0xA5RKuwN2DJsU5ABNbpsEtjsADi8wXeATef:1tt28w:2hqQnipM1j40XFaU1Pz_jCJGi-Vi1SpARtD5B_2Z6KY", "expire_date": "2025-03-28T10:19:54.587Z"}}, {"model": "sessions.session", "pk": "0n0prmhq8twak3233pfpvo0fp14ivfka", "fields": {"session_data": ".eJxVjDsOwjAQBe_iGllyvF47lPScIdofOIASKZ8q4u4QKQW0b2be5jpal9qts01dr-7sQnCn35FJnjbsRB803Ecv47BMPftd8Qed_XVUe10O9--g0ly_dWlaZbqlDJAYoyAylhSRzUIMGlIDIqoiljGDcQIwCsxtgZIwknt_AArZODw:1trPZE:N7pg8LaEWr2KbgLWtudse4Mzpj2AT8gCg-m3u_tyU00", "expire_date": "2025-03-23T22:56:20.425Z"}}, {"model": "sessions.session", "pk": "4xbnpn1padg2hgkq9oi2n4hi6yrvlfvx", "fields": {"session_data": ".eJxVjDsOwjAQBe_iGllZO_6Ekj5nsNZeLw6gWIqTCnF3EikFtG9m3lsE3NYStpaXMJG4il5cfreI6ZnnA9AD53uVqc7rMkV5KPKkTY6V8ut2un8HBVvZa2stg-MejGedUEOyXg3ZKKDYafY-MRjtmBwMatcQvaIhW8oda-AoPl_SVDfh:1u42IX:skIO6SQ5IQHpPkNOqk4WX5SWcCTLy6IR-OPb5zpKooA", "expire_date": "2025-04-27T18:43:17.971Z"}}, {"model": "sessions.session", "pk": "5l8xw8d7jz95bq2ibg5kmssl5pfsuqt9", "fields": {"session_data": ".eJxVjDsOwjAQBe_iGllZO_6Ekj5nsNZeLw6gWIqTCnF3EikFtG9m3lsE3NYStpaXMJG4il5cfreI6ZnnA9AD53uVqc7rMkV5KPKkTY6V8ut2un8HBVvZa2stg-MejGedUEOyXg3ZKKDYafY-MRjtmBwMatcQvaIhW8oda-AoPl_SVDfh:1txMb6:N2YeZEPaZWLBdefKhEBdR4lhTXNQM2W40UUiuRbTCXk", "expire_date": "2025-04-09T08:58:52.453Z"}}, {"model": "sessions.session", "pk": "94dk3ieptosiqr2zn7b49tkui60xfnfd", "fields": {"session_data": ".eJxVjDsOwjAQBe_iGllZO_6Ekj5nsNZeLw6gWIqTCnF3EikFtG9m3lsE3NYStpaXMJG4il5cfreI6ZnnA9AD53uVqc7rMkV5KPKkTY6V8ut2un8HBVvZa2stg-MejGedUEOyXg3ZKKDYafY-MRjtmBwMatcQvaIhW8oda-AoPl_SVDfh:1txg0p:uvpPZ_17R-mYYCxVLwpkJVdnWqAvomxc1JVCQKZslMQ", "expire_date": "2025-04-10T05:42:43.647Z"}}, {"model": "sessions.session", "pk": "94gsmqq67q2c9y7r4nmukgu1c4j0noxr", "fields": {"session_data": ".eJxVjDsOwjAQBe_iGllZO_6Ekj5nsNZeLw6gWIqTCnF3EikFtG9m3lsE3NYStpaXMJG4il5cfreI6ZnnA9AD53uVqc7rMkV5KPKkTY6V8ut2un8HBVvZa2stg-MejGedUEOyXg3ZKKDYafY-MRjtmBwMatcQvaIhW8oda-AoPl_SVDfh:1u43Rb:m1Gk_f8Ub_7sSk8M2NaXhjNGsBhQOKJin54vq1PswQc", "expire_date": "2025-04-27T19:56:43.842Z"}}, {"model": "sessions.session", "pk": "dd1jvfftqyqqxuyjxfenxw52ek72uzgb", "fields": {"session_data": ".eJxVjDsOwjAQBe_iGllZO_6Ekj5nsNZeLw6gWIqTCnF3EikFtG9m3lsE3NYStpaXMJG4il5cfreI6ZnnA9AD53uVqc7rMkV5KPKkTY6V8ut2un8HBVvZa2stg-MejGedUEOyXg3ZKKDYafY-MRjtmBwMatcQvaIhW8oda-AoPl_SVDfh:1tuSzQ:bCpcc_hzNkOhR-X8Rhw-149lyRtaL5zyY0IpWhMdXhA", "expire_date": "2025-04-01T09:12:00.292Z"}}, {"model": "sessions.session", "pk": "dlkzhbtdscpwcbhw5nw9vt0v9nrhkhs5", "fields": {"session_data": ".eJxVjMsOwiAQRf-FtSEMb1y69xsIzIBUDU1KuzL-uzbpQrf3nHNfLKZtbXEbZYkTsTOz7PS75YSP0ndA99RvM8e5r8uU-a7wgw5-nak8L4f7d9DSaN_aoaleaQ8SlCGnsVpHhYIESEigECQpGUKVDozIqFV1QgQljPWE2rD3B8oONuM:1tuSzv:mL3oay_Njj-HrAIkunv3uZkL4lMStRyMAXyCUPiXL0Y", "expire_date": "2025-04-01T09:12:31.076Z"}}, {"model": "sessions.session", "pk": "e54fpkz6817qs127she48iritwbpre0d", "fields": {"session_data": ".eJxVjEEOwiAQRe_C2hCYDrS4dO8ZyMCAVA0kpV0Z765NutDtf-_9l_C0rcVvPS1-ZnEWKE6_W6D4SHUHfKd6azK2ui5zkLsiD9rltXF6Xg7376BQL9-aBmsAQEXOaIImRo0AedJqQjDIzgUTAQayzuREjlgbbQdSmUZ0oxPvD8OiNwg:1tpNwD:cMgb8h0QZXRC71KQ67td_PwdFHOijN4uxlOwaMcOo20", "expire_date": "2025-03-18T08:47:41.844Z"}}, {"model": "sessions.session", "pk": "gxs3p8nh51peax94toikbzcxsn02sj67", "fields": {"session_data": ".eJxVjEsOwjAMBe-SNYrsfCzCkj1niOzEoQXUSv2sKu4OlbqA7ZuZt5nM69LlddYp99VcDAZz-h2Fy1OHndQHD_fRlnFYpl7srtiDzvY2Vn1dD_fvoOO5-9bQGmGKpaRzosSK0BRIvEsQg6soEL14Cl5RVSozUPEISMiBnFPz_gD6DTeG:1u41t0:3uDvOL13isqMZhFDMChlSFOvUh_PMgnxMa0eX0mELMc", "expire_date": "2025-04-27T18:16:54.206Z"}}, {"model": "sessions.session", "pk": "h4xhi6jul3rnyqb5r6a6boi96dxdpciw", "fields": {"session_data": ".eJxVjMsOwiAQRf-FtSEMb1y69xsIzIBUDU1KuzL-uzbpQrf3nHNfLKZtbXEbZYkTsTOz7PS75YSP0ndA99RvM8e5r8uU-a7wgw5-nak8L4f7d9DSaN_aoaleaQ8SlCGnsVpHhYIESEigECQpGUKVDozIqFV1QgQljPWE2rD3B8oONuM:1txLbu:qKOeVfzLb3jMBBsKwxiNhbgzPEhk6TAYuT8NsoC8aWk", "expire_date": "2025-04-09T07:55:38.122Z"}}, {"model": "sessions.session", "pk": "k8vnp8m12uok2kac9elme87iyiqtz2qb", "fields": {"session_data": ".eJxVjEEOwiAQRe_C2hCmUAZduvcMZBhGqZqSlHZlvLuSdKHb_977LxVpW0vcmixxyuqkUB1-t0T8kLmDfKf5VjXXeV2mpLuid9r0pWZ5nnf376BQK712A7rRmWsANGEgSXxEO7CR7CmFbNFTYPs1AB17SILMDKPxjgFA1PsD0DY3Yg:1trMav:RmKDz5VokGBePlJZ4CN-e-sh-Ewl9CsF_cmUqQQs20o", "expire_date": "2025-03-23T19:45:53.316Z"}}, {"model": "sessions.session", "pk": "ll2u154m5v8746kkm2coq4ocqm6y2k4y", "fields": {"session_data": ".eJxVjEEOwiAQRe_C2hBgpENduvcMBJhBqgaS0q6Md7dNutDtf-_9t_BhXYpfO89-InERWpx-txjSk-sO6BHqvcnU6jJPUe6KPGiXt0b8uh7u30EJvWx1RhM0YeRRMyhAY4esMyOScgzW8jmhc1kx62yNxjEFmxEUDQC0eeLzBeGlN-g:1u28F0:IAkHuPWJIxDb0mrtLnSO8mao7y82_FubF8_eu_mlUv4", "expire_date": "2025-04-22T12:39:46.458Z"}}, {"model": "sessions.session", "pk": "nqygggm15urx9yyi75uzq36xgp0an5x6", "fields": {"session_data": ".eJxVjMEOwiAQBf-FsyEsLQU8eu83EGAXqRpISnsy_rs06UGvb2bemzm_b9ntjVa3ILsyAHb5HYOPTyoHwYcv98pjLdu6BH4o_KSNzxXpdTvdv4PsW-61tQIGCUlHORoyGEwCGJQcLErANAUFSZhxkh0lq0mT76ZEgcESKMs-X-hkN68:1u393m:xvd9Zvm4xMpPtaW3ch1XUcCPCAcC9Oayom5LfL6GLwA", "expire_date": "2025-04-25T07:44:22.364Z"}}, {"model": "sessions.session", "pk": "p8niifd8rlp7whs85lmlvzk4e8j7py8s", "fields": {"session_data": "e30:1u40JB:pwvDHNO6Otde6wOftLigh75kuYAYI7RrOq2GGNa_kW8", "expire_date": "2025-04-27T16:35:49.044Z"}}, {"model": "sessions.session", "pk": "rlgseiu67toqujce8e831zxylfe4hmcc", "fields": {"session_data": ".eJxVjEsOwjAMBe-SNYrsfCzCkj1niOzEoQXUSv2sKu4OlbqA7ZuZt5nM69LlddYp99VcDAZz-h2Fy1OHndQHD_fRlnFYpl7srtiDzvY2Vn1dD_fvoOO5-9bQGmGKpaRzosSK0BRIvEsQg6soEL14Cl5RVSozUPEISMiBnFPz_gD6DTeG:1u22BT:0IbetchNWBrsGg7Duhl-333zgXddKcaHj8xY9O4jqpI", "expire_date": "2025-04-22T06:11:43.008Z"}}, {"model": "sessions.session", "pk": "rwu3u1vj1rj7z8gx1msp5bbpnvb4egkk", "fields": {"session_data": ".eJxVjDsOwjAQBe_iGllZO_6Ekj5nsNZeLw6gWIqTCnF3EikFtG9m3lsE3NYStpaXMJG4il5cfreI6ZnnA9AD53uVqc7rMkV5KPKkTY6V8ut2un8HBVvZa2stg-MejGedUEOyXg3ZKKDYafY-MRjtmBwMatcQvaIhW8oda-AoPl_SVDfh:1ttrBK:9X7kpYq76evB6i2KxtqpX_-1quDStCy2k879KDRD1Q4", "expire_date": "2025-03-30T16:49:46.048Z"}}, {"model": "sessions.session", "pk": "tsmqi2yr0wauurwt9z4z04mnhxnhw7nc", "fields": {"session_data": ".eJxVjMsOwiAQRf-FtSEMb1y69xsIzIBUDU1KuzL-uzbpQrf3nHNfLKZtbXEbZYkTsTOz7PS75YSP0ndA99RvM8e5r8uU-a7wgw5-nak8L4f7d9DSaN_aoaleaQ8SlCGnsVpHhYIESEigECQpGUKVDozIqFV1QgQljPWE2rD3B8oONuM:1u39E0:rPIZa_1Ol2sRkDTsTKtQoGo1qq9D8EYQqnfVxq0Wvrk", "expire_date": "2025-04-25T07:54:56.663Z"}}, {"model": "sessions.session", "pk": "ukmamamdize93rnbn9drwcgxwj8ur0jr", "fields": {"session_data": ".eJxVjDsOwjAQBe_iGlm28ZeSPmewdr0bHECOFCcV4u4QKQW0b2beS2TY1pq3zkueSFyEEaffDaE8uO2A7tBusyxzW5cJ5a7Ig3Y5zMTP6-H-HVTo9VuftWFVInlHqElZ4tEzBA7koqLAiEUnH6NDpw06xcrFZBCCsTaNEcT7A_U9OAc:1tzVT1:P45WWjAbsZqGkiRGuGugAvfSDnbR6BqWS3G7j8qjSHY", "expire_date": "2025-04-15T06:51:23.308Z"}}, {"model": "sessions.session", "pk": "un5bqxnadlejzrbyset4awhki2nqbc5b", "fields": {"session_data": ".eJxVjMsOwiAQRf-FtSEMb1y69xsIzIBUDU1KuzL-uzbpQrf3nHNfLKZtbXEbZYkTsTOz7PS75YSP0ndA99RvM8e5r8uU-a7wgw5-nak8L4f7d9DSaN_aoaleaQ8SlCGnsVpHhYIESEigECQpGUKVDozIqFV1QgQljPWE2rD3B8oONuM:1tvVVS:xBMfE8g4QRvJUtjl-q1C8KsXLVXV9wNNO70GaLZpOEY", "expire_date": "2025-04-04T06:05:22.240Z"}}, {"model": "sessions.session", "pk": "uppk7aphwz7pgg8wdd3xtfd2vx7a6dlh", "fields": {"session_data": ".eJxVjEEOwiAQRe_C2hBgpENduvcMBJhBqgaS0q6Md7dNutDtf-_9t_BhXYpfO89-InERWpx-txjSk-sO6BHqvcnU6jJPUe6KPGiXt0b8uh7u30EJvWx1RhM0YeRRMyhAY4esMyOScgzW8jmhc1kx62yNxjEFmxEUDQC0eeLzBeGlN-g:1u2l4A:_uXt0oIJ-klR6pzNUGG_MBWOGssX2ifXyLNZsFVF8r0", "expire_date": "2025-04-24T06:07:10.358Z"}}, {"model": "sessions.session", "pk": "zd5cgj6n7kitjrkh5noqe9o2xgepfk75", "fields": {"session_data": ".eJxVjDsOwjAQRO_iGlmO4x-U9JzB2vWucQDZUpxUiLuTSCmgnHlv5i0irEuJa-c5TiQuIojTb4eQnlx3QA-o9yZTq8s8odwVedAub434dT3cv4MCvWzrEQaViGg0pMGZwXkDPqmsOZlg0RNoOmt0o3eoNaigbM7kAS3wFlh8vvGlOEs:1typxG:XU5KAqJ13sLS1TvzEDV0BEQR5jrAp-nj_Ra67jsw-Ig", "expire_date": "2025-04-13T10:31:50.378Z"}}, {"model": "auditlog.logentry", "pk": 1, "fields": {"content_type": 9, "object_pk": "56", "object_id": 56, "object_repr": "Transformer 60 (00999) - transformer dry type (2025-04-11)", "serialized_data": null, "action": 0, "changes_text": "", "changes": {"equipment": ["None", "23"], "branch": ["None", "1"], "maintenance_task": ["None", "9"], "maintenance_type": ["None", "weekly"], "remark": ["None", ""], "procedure": ["None", ""], "problems": ["None", ""], "id": ["None", "56"], "status": ["None", "Not Started"], "datetime": ["None", "2025-04-11 06:30:38.874518"], "created_at": ["None", "2025-04-11 06:30:38.874518"], "updated_at": ["None", "2025-04-11 06:30:38.874518"]}, "actor": null, "cid": null, "remote_addr": null, "timestamp": "2025-04-11T06:30:38.891Z", "additional_data": null}}, {"model": "auditlog.logentry", "pk": 2, "fields": {"content_type": 18, "object_pk": "275", "object_id": 275, "object_repr": "tech.bole - You have been assigned a new maintenance task: Transformer 60.", "serialized_data": null, "action": 0, "changes_text": "", "changes": {"user": ["None", "6"], "type": ["None", "maintenance"], "id": ["None", "275"], "message": ["None", "You have been assigned a new maintenance task: Transformer 60."], "timestamp": ["None", "2025-04-11 06:30:38.908059"], "is_read": ["None", "False"], "created_at": ["None", "2025-04-11 06:30:38.908059"], "updated_at": ["None", "2025-04-11 06:30:38.908059"]}, "actor": null, "cid": null, "remote_addr": null, "timestamp": "2025-04-11T06:30:38.924Z", "additional_data": null}}, {"model": "auditlog.logentry", "pk": 3, "fields": {"content_type": 18, "object_pk": "272", "object_id": 272, "object_repr": "tech.bole - You have been assigned a new maintenance task: Transformer 03.", "serialized_data": null, "action": 1, "changes_text": "", "changes": {"is_read": ["False", "True"]}, "actor": null, "cid": null, "remote_addr": null, "timestamp": "2025-04-11T06:32:28.634Z", "additional_data": null}}, {"model": "auditlog.logentry", "pk": 4, "fields": {"content_type": 9, "object_pk": "56", "object_id": 56, "object_repr": "Transformer 60 (00999) - transformer dry type (2025-04-11)", "serialized_data": null, "action": 1, "changes_text": "", "changes": {"status": ["Not Started", "Accepted"]}, "actor": null, "cid": null, "remote_addr": null, "timestamp": "2025-04-11T06:32:49.541Z", "additional_data": null}}, {"model": "auditlog.logentry", "pk": 5, "fields": {"content_type": 11, "object_pk": "23", "object_id": 23, "object_repr": "Work Order #23 - None", "serialized_data": null, "action": 0, "changes_text": "", "changes": {"id": ["None", "23"], "requester": ["None", "7"], "branch": ["None", "1"], "location": ["None", "shade 20"], "description": ["None", "problem with door"], "status": ["None", "Pending"], "created_at": ["None", "2025-04-11 07:00:11.437170"], "updated_at": ["None", "2025-04-11 07:00:11.437170"]}, "actor": null, "cid": null, "remote_addr": null, "timestamp": "2025-04-11T07:00:11.440Z", "additional_data": null}}, {"model": "auditlog.logentry", "pk": 6, "fields": {"content_type": 18, "object_pk": "276", "object_id": 276, "object_repr": "manager.bole - New work order: shade 20.", "serialized_data": null, "action": 0, "changes_text": "", "changes": {"user": ["None", "4"], "type": ["None", "work_order"], "id": ["None", "276"], "message": ["None", "New work order: shade 20."], "timestamp": ["None", "2025-04-11 07:00:11.454747"], "is_read": ["None", "False"], "created_at": ["None", "2025-04-11 07:00:11.456237"], "updated_at": ["None", "2025-04-11 07:00:11.456237"]}, "actor": null, "cid": null, "remote_addr": null, "timestamp": "2025-04-11T07:00:11.456Z", "additional_data": null}}, {"model": "auditlog.logentry", "pk": 7, "fields": {"content_type": 18, "object_pk": "276", "object_id": 276, "object_repr": "manager.bole - New work order: shade 20.", "serialized_data": null, "action": 1, "changes_text": "", "changes": {"is_read": ["False", "True"]}, "actor": null, "cid": null, "remote_addr": null, "timestamp": "2025-04-11T07:00:23.519Z", "additional_data": null}}, {"model": "auditlog.logentry", "pk": 8, "fields": {"content_type": 11, "object_pk": "23", "object_id": 23, "object_repr": "Work Order #23 - None", "serialized_data": null, "action": 1, "changes_text": "", "changes": {"status": ["Pending", "Accepted"]}, "actor": null, "cid": null, "remote_addr": null, "timestamp": "2025-04-11T07:00:36.806Z", "additional_data": null}}, {"model": "auditlog.logentry", "pk": 9, "fields": {"content_type": 11, "object_pk": "23", "object_id": 23, "object_repr": "Work Order #23 - Transformer 60 (00999)", "serialized_data": null, "action": 1, "changes_text": "", "changes": {"equipment": ["None", "23"], "remark": ["None", ""]}, "actor": null, "cid": null, "remote_addr": null, "timestamp": "2025-04-11T07:01:20.389Z", "additional_data": null}}, {"model": "auditlog.logentry", "pk": 10, "fields": {"content_type": 18, "object_pk": "277", "object_id": 277, "object_repr": "tech.bole1 - You have been assigned a price estimation task for the work order : Work Order #23 - Transformer 60 (00999).", "serialized_data": null, "action": 0, "changes_text": "", "changes": {"user": ["None", "9"], "type": ["None", "work_order"], "id": ["None", "277"], "message": ["None", "You have been assigned a price estimation task for the work order : Work Order #23 - Transformer 60 (00999)."], "timestamp": ["None", "2025-04-11 07:01:20.424705"], "is_read": ["None", "False"], "created_at": ["None", "2025-04-11 07:01:20.424705"], "updated_at": ["None", "2025-04-11 07:01:20.424705"]}, "actor": null, "cid": null, "remote_addr": null, "timestamp": "2025-04-11T07:01:20.435Z", "additional_data": null}}, {"model": "auditlog.logentry", "pk": 11, "fields": {"content_type": 18, "object_pk": "278", "object_id": 278, "object_repr": "tech.bole - You have been assigned a price estimation task for the work order : Work Order #23 - Transformer 60 (00999).", "serialized_data": null, "action": 0, "changes_text": "", "changes": {"user": ["None", "6"], "type": ["None", "work_order"], "id": ["None", "278"], "message": ["None", "You have been assigned a price estimation task for the work order : Work Order #23 - Transformer 60 (00999)."], "timestamp": ["None", "2025-04-11 07:01:20.447870"], "is_read": ["None", "False"], "created_at": ["None", "2025-04-11 07:01:20.447870"], "updated_at": ["None", "2025-04-11 07:01:20.447870"]}, "actor": null, "cid": null, "remote_addr": null, "timestamp": "2025-04-11T07:01:20.457Z", "additional_data": null}}, {"model": "auditlog.logentry", "pk": 12, "fields": {"content_type": 18, "object_pk": "278", "object_id": 278, "object_repr": "tech.bole - You have been assigned a price estimation task for the work order : Work Order #23 - Transformer 60 (00999).", "serialized_data": null, "action": 1, "changes_text": "", "changes": {"is_read": ["False", "True"]}, "actor": null, "cid": null, "remote_addr": null, "timestamp": "2025-04-11T07:01:53.512Z", "additional_data": null}}, {"model": "auditlog.logentry", "pk": 13, "fields": {"content_type": 11, "object_pk": "23", "object_id": 23, "object_repr": "Work Order #23 - Transformer 60 (00999)", "serialized_data": null, "action": 1, "changes_text": "", "changes": {"remark": ["", "we have seen the door and the motor should be replaced "]}, "actor": null, "cid": null, "remote_addr": null, "timestamp": "2025-04-11T07:52:40.188Z", "additional_data": null}}, {"model": "auditlog.logentry", "pk": 14, "fields": {"content_type": 11, "object_pk": "23", "object_id": 23, "object_repr": "Work Order #23 - Transformer 60 (00999)", "serialized_data": null, "action": 1, "changes_text": "", "changes": {"status": ["Accepted", "Price_Estimated"], "price": ["None", "1000"]}, "actor": null, "cid": null, "remote_addr": null, "timestamp": "2025-04-11T07:52:40.250Z", "additional_data": null}}, {"model": "auditlog.logentry", "pk": 15, "fields": {"content_type": 18, "object_pk": "279", "object_id": 279, "object_repr": "manager.bole - The Price for work order Work Order #23 - Transformer 60 (00999) of Transformer 60 has been estimated as 1000.", "serialized_data": null, "action": 0, "changes_text": "", "changes": {"user": ["None", "4"], "type": ["None", "work_order"], "id": ["None", "279"], "message": ["None", "The Price for work order Work Order #23 - Transformer 60 (00999) of Transformer 60 has been estimated as 1000."], "timestamp": ["None", "2025-04-11 07:52:40.283594"], "is_read": ["None", "False"], "created_at": ["None", "2025-04-11 07:52:40.283594"], "updated_at": ["None", "2025-04-11 07:52:40.283594"]}, "actor": null, "cid": null, "remote_addr": null, "timestamp": "2025-04-11T07:52:40.300Z", "additional_data": null}}, {"model": "auditlog.logentry", "pk": 16, "fields": {"content_type": 18, "object_pk": "280", "object_id": 280, "object_repr": "client.bole - The Price for work order Work Order #23 - Transformer 60 (00999) of Transformer 60 has been estimated as 1000 please confirm if you agree.", "serialized_data": null, "action": 0, "changes_text": "", "changes": {"user": ["None", "7"], "type": ["None", "work_order"], "id": ["None", "280"], "message": ["None", "The Price for work order Work Order #23 - Transformer 60 (00999) of Transformer 60 has been estimated as 1000 please confirm if you agree."], "timestamp": ["None", "2025-04-11 07:52:40.313429"], "is_read": ["None", "False"], "created_at": ["None", "2025-04-11 07:52:40.316842"], "updated_at": ["None", "2025-04-11 07:52:40.316842"]}, "actor": null, "cid": null, "remote_addr": null, "timestamp": "2025-04-11T07:52:40.316Z", "additional_data": null}}, {"model": "auditlog.logentry", "pk": 17, "fields": {"content_type": 18, "object_pk": "280", "object_id": 280, "object_repr": "client.bole - The Price for work order Work Order #23 - Transformer 60 (00999) of Transformer 60 has been estimated as 1000 please confirm if you agree.", "serialized_data": null, "action": 1, "changes_text": "", "changes": {"is_read": ["False", "True"]}, "actor": null, "cid": null, "remote_addr": null, "timestamp": "2025-04-11T07:53:29.348Z", "additional_data": null}}, {"model": "auditlog.logentry", "pk": 18, "fields": {"content_type": 11, "object_pk": "23", "object_id": 23, "object_repr": "Work Order #23 - Transformer 60 (00999)", "serialized_data": null, "action": 1, "changes_text": "", "changes": {"status": ["Price_Estimated", "Price_Confirmed"]}, "actor": null, "cid": null, "remote_addr": null, "timestamp": "2025-04-11T07:53:37.315Z", "additional_data": null}}, {"model": "auditlog.logentry", "pk": 19, "fields": {"content_type": 18, "object_pk": "281", "object_id": 281, "object_repr": "manager.bole - The Price for work order Work Order #23 - Transformer 60 (00999) of Transformer 60 has been confirmed by client.bole as 1000.00 .", "serialized_data": null, "action": 0, "changes_text": "", "changes": {"user": ["None", "4"], "type": ["None", "work_order"], "id": ["None", "281"], "message": ["None", "The Price for work order Work Order #23 - Transformer 60 (00999) of Transformer 60 has been confirmed by client.bole as 1000.00 ."], "timestamp": ["None", "2025-04-11 07:53:37.345659"], "is_read": ["None", "False"], "created_at": ["None", "2025-04-11 07:53:37.346680"], "updated_at": ["None", "2025-04-11 07:53:37.346680"]}, "actor": null, "cid": null, "remote_addr": null, "timestamp": "2025-04-11T07:53:37.355Z", "additional_data": null}}, {"model": "auditlog.logentry", "pk": 20, "fields": {"content_type": 11, "object_pk": "23", "object_id": 23, "object_repr": "Work Order #23 - Transformer 60 (00999)", "serialized_data": null, "action": 1, "changes_text": "", "changes": {"status": ["Price_Confirmed", "Complete"]}, "actor": null, "cid": null, "remote_addr": null, "timestamp": "2025-04-11T07:56:52.764Z", "additional_data": null}}, {"model": "auditlog.logentry", "pk": 21, "fields": {"content_type": 8, "object_pk": "23", "object_id": 23, "object_repr": "Transformer 60 (00999)", "serialized_data": null, "action": 1, "changes_text": "", "changes": {"last_maintenance_date": ["2025-04-07", "2025-04-11"], "next_maintenance_date": ["2025-04-08", "2025-04-12"]}, "actor": null, "cid": null, "remote_addr": null, "timestamp": "2025-04-11T07:56:52.799Z", "additional_data": null}}, {"model": "auditlog.logentry", "pk": 22, "fields": {"content_type": 18, "object_pk": "282", "object_id": 282, "object_repr": "manager.bole - The work order for Transformer 60 has been marked as complete.", "serialized_data": null, "action": 0, "changes_text": "", "changes": {"user": ["None", "4"], "type": ["None", "work_order"], "id": ["None", "282"], "message": ["None", "The work order for Transformer 60 has been marked as complete."], "timestamp": ["None", "2025-04-11 07:56:52.817584"], "is_read": ["None", "False"], "created_at": ["None", "2025-04-11 07:56:52.817584"], "updated_at": ["None", "2025-04-11 07:56:52.817584"]}, "actor": null, "cid": null, "remote_addr": null, "timestamp": "2025-04-11T07:56:52.834Z", "additional_data": null}}, {"model": "auditlog.logentry", "pk": 23, "fields": {"content_type": 19, "object_pk": "6", "object_id": 6, "object_repr": "Restock 5 units of spare 1 bole on 2025-04-13 10:38:05.955050+00:00", "serialized_data": null, "action": 0, "changes_text": "", "changes": {"spare_part": ["None", "3"], "quantity": ["None", "5"], "restock_date": ["None", "2025-04-13 10:38:05.955050"], "attachment": ["None", ""], "id": ["None", "6"], "created_at": ["None", "2025-04-13 10:38:05.955050"], "updated_at": ["None", "2025-04-13 10:38:05.955050"]}, "actor": null, "cid": null, "remote_addr": null, "timestamp": "2025-04-13T10:38:05.971Z", "additional_data": null}}, {"model": "auditlog.logentry", "pk": 24, "fields": {"content_type": 10, "object_pk": "3", "object_id": 3, "object_repr": "spare 1 bole (6 left) - store 1", "serialized_data": null, "action": 1, "changes_text": "", "changes": {"quantity": ["1", "6"], "last_restock_date": ["2025-03-11 10:40:19.990178", "2025-04-13 10:38:05.955050"]}, "actor": null, "cid": null, "remote_addr": null, "timestamp": "2025-04-13T10:38:05.979Z", "additional_data": null}}, {"model": "auditlog.logentry", "pk": 25, "fields": {"content_type": 9, "object_pk": "57", "object_id": 57, "object_repr": "Transformer 60 (00999) - transformer dry type (2025-04-13)", "serialized_data": null, "action": 0, "changes_text": "", "changes": {"equipment": ["None", "23"], "branch": ["None", "1"], "maintenance_task": ["None", "9"], "maintenance_type": ["None", "weekly"], "remark": ["None", ""], "procedure": ["None", ""], "id": ["None", "57"], "problems": ["None", ""], "status": ["None", "Not Started"], "datetime": ["None", "2025-04-13 16:45:28.959116"], "created_at": ["None", "2025-04-13 16:45:28.959116"], "updated_at": ["None", "2025-04-13 16:45:28.959116"]}, "actor": null, "cid": null, "remote_addr": null, "timestamp": "2025-04-13T16:45:28.976Z", "additional_data": null}}, {"model": "auditlog.logentry", "pk": 26, "fields": {"content_type": 18, "object_pk": "283", "object_id": 283, "object_repr": "tech.bole - You have been assigned a new maintenance task: Transformer 60.", "serialized_data": null, "action": 0, "changes_text": "", "changes": {"user": ["None", "6"], "id": ["None", "283"], "type": ["None", "maintenance"], "timestamp": ["None", "2025-04-13 16:45:29.009259"], "message": ["None", "You have been assigned a new maintenance task: Transformer 60."], "is_read": ["None", "False"], "created_at": ["None", "2025-04-13 16:45:29.009259"], "updated_at": ["None", "2025-04-13 16:45:29.009259"]}, "actor": null, "cid": null, "remote_addr": null, "timestamp": "2025-04-13T16:45:29.039Z", "additional_data": null}}, {"model": "auditlog.logentry", "pk": 27, "fields": {"content_type": 9, "object_pk": "57", "object_id": 57, "object_repr": "Transformer 60 (00999) - transformer dry type (2025-04-13)", "serialized_data": null, "action": 1, "changes_text": "", "changes": {"status": ["Not Started", "Accepted"]}, "actor": null, "cid": null, "remote_addr": null, "timestamp": "2025-04-13T18:15:26.197Z", "additional_data": null}}, {"model": "auditlog.logentry", "pk": 28, "fields": {"content_type": 9, "object_pk": "57", "object_id": 57, "object_repr": "Transformer 60 (00999) - transformer dry type (2025-04-13)", "serialized_data": null, "action": 1, "changes_text": "", "changes": {"equipment": ["23", "23"]}, "actor": null, "cid": null, "remote_addr": null, "timestamp": "2025-04-13T18:15:45.519Z", "additional_data": null}}, {"model": "auditlog.logentry", "pk": 29, "fields": {"content_type": 29, "object_pk": "60", "object_id": 60, "object_repr": "TaskCompletion object (60)", "serialized_data": null, "action": 0, "changes_text": "", "changes": {"id": ["None", "60"], "maintenance_record": ["None", "57"], "task": ["None", "128"], "completed_by": ["None", "6"], "remark": ["None", "aaa"], "completed_at": ["None", "2025-04-13 18:15:45.564631"], "is_completed": ["None", "True"]}, "actor": null, "cid": null, "remote_addr": null, "timestamp": "2025-04-13T18:15:45.571Z", "additional_data": null}}, {"model": "auditlog.logentry", "pk": 30, "fields": {"content_type": 29, "object_pk": "61", "object_id": 61, "object_repr": "TaskCompletion object (61)", "serialized_data": null, "action": 0, "changes_text": "", "changes": {"id": ["None", "61"], "maintenance_record": ["None", "57"], "task": ["None", "129"], "completed_by": ["None", "6"], "remark": ["None", "bbb"], "completed_at": ["None", "2025-04-13 18:15:45.586920"], "is_completed": ["None", "True"]}, "actor": null, "cid": null, "remote_addr": null, "timestamp": "2025-04-13T18:15:45.596Z", "additional_data": null}}, {"model": "auditlog.logentry", "pk": 31, "fields": {"content_type": 29, "object_pk": "62", "object_id": 62, "object_repr": "TaskCompletion object (62)", "serialized_data": null, "action": 0, "changes_text": "", "changes": {"id": ["None", "62"], "maintenance_record": ["None", "57"], "task": ["None", "130"], "remark": ["None", "ccc"], "completed_at": ["None", "2025-04-13 18:15:45.603623"], "is_completed": ["None", "False"]}, "actor": null, "cid": null, "remote_addr": null, "timestamp": "2025-04-13T18:15:45.612Z", "additional_data": null}}, {"model": "auditlog.logentry", "pk": 32, "fields": {"content_type": 29, "object_pk": "63", "object_id": 63, "object_repr": "TaskCompletion object (63)", "serialized_data": null, "action": 0, "changes_text": "", "changes": {"id": ["None", "63"], "maintenance_record": ["None", "57"], "task": ["None", "131"], "remark": ["None", ""], "completed_at": ["None", "2025-04-13 18:15:45.620626"], "is_completed": ["None", "False"]}, "actor": null, "cid": null, "remote_addr": null, "timestamp": "2025-04-13T18:15:45.620Z", "additional_data": null}}, {"model": "auditlog.logentry", "pk": 33, "fields": {"content_type": 29, "object_pk": "64", "object_id": 64, "object_repr": "TaskCompletion object (64)", "serialized_data": null, "action": 0, "changes_text": "", "changes": {"id": ["None", "64"], "maintenance_record": ["None", "57"], "task": ["None", "132"], "remark": ["None", ""], "completed_at": ["None", "2025-04-13 18:15:45.642622"], "is_completed": ["None", "False"]}, "actor": null, "cid": null, "remote_addr": null, "timestamp": "2025-04-13T18:15:45.651Z", "additional_data": null}}, {"model": "auditlog.logentry", "pk": 34, "fields": {"content_type": 9, "object_pk": "57", "object_id": 57, "object_repr": "Transformer 60 (00999) - transformer dry type (2025-04-13)", "serialized_data": null, "action": 1, "changes_text": "", "changes": {"equipment": ["23", "23"]}, "actor": null, "cid": null, "remote_addr": null, "timestamp": "2025-04-13T18:37:45.117Z", "additional_data": null}}, {"model": "auditlog.logentry", "pk": 35, "fields": {"content_type": 29, "object_pk": "63", "object_id": 63, "object_repr": "TaskCompletion object (63)", "serialized_data": null, "action": 1, "changes_text": "", "changes": {"completed_at": ["2025-04-13 18:15:45.620626", "2025-04-13 18:37:45.153943"], "is_completed": ["False", "True"], "completed_by": ["None", "6"]}, "actor": null, "cid": null, "remote_addr": null, "timestamp": "2025-04-13T18:37:45.162Z", "additional_data": null}}, {"model": "auditlog.logentry", "pk": 36, "fields": {"content_type": 9, "object_pk": "57", "object_id": 57, "object_repr": "Transformer 60 (00999) - transformer dry type (2025-04-13)", "serialized_data": null, "action": 1, "changes_text": "", "changes": {"status": ["Accepted", "Complete"]}, "actor": null, "cid": null, "remote_addr": null, "timestamp": "2025-04-13T18:43:00.435Z", "additional_data": null}}, {"model": "auditlog.logentry", "pk": 37, "fields": {"content_type": 18, "object_pk": "284", "object_id": 284, "object_repr": "manager.bole - The maintenance task for Transformer 60 has been marked as complete.", "serialized_data": null, "action": 0, "changes_text": "", "changes": {"id": ["None", "284"], "user": ["None", "4"], "type": ["None", "maintenance"], "message": ["None", "The maintenance task for Transformer 60 has been marked as complete."], "timestamp": ["None", "2025-04-13 18:43:00.464119"], "is_read": ["None", "False"], "created_at": ["None", "2025-04-13 18:43:00.464119"], "updated_at": ["None", "2025-04-13 18:43:00.464119"]}, "actor": null, "cid": null, "remote_addr": null, "timestamp": "2025-04-13T18:43:00.480Z", "additional_data": null}}, {"model": "auditlog.logentry", "pk": 38, "fields": {"content_type": 18, "object_pk": "284", "object_id": 284, "object_repr": "manager.bole - The maintenance task for Transformer 60 has been marked as complete.", "serialized_data": null, "action": 1, "changes_text": "", "changes": {"is_read": ["False", "True"]}, "actor": null, "cid": null, "remote_addr": null, "timestamp": "2025-04-13T18:43:22.536Z", "additional_data": null}}, {"model": "auditlog.logentry", "pk": 39, "fields": {"content_type": 9, "object_pk": "57", "object_id": 57, "object_repr": "Transformer 60 (00999) - transformer dry type (2025-04-13)", "serialized_data": null, "action": 1, "changes_text": "", "changes": {"status": ["Complete", "Approved"], "approved_by": ["None", "4"]}, "actor": null, "cid": null, "remote_addr": null, "timestamp": "2025-04-13T18:45:16.138Z", "additional_data": null}}, {"model": "auditlog.logentry", "pk": 40, "fields": {"content_type": 8, "object_pk": "23", "object_id": 23, "object_repr": "Transformer 60 (00999)", "serialized_data": null, "action": 1, "changes_text": "", "changes": {"last_weekly_maintenance_date": ["2025-03-26", "2025-04-13"], "next_weekly_maintenance_date": ["2025-04-02", "2025-04-20"]}, "actor": null, "cid": null, "remote_addr": null, "timestamp": "2025-04-13T18:45:16.158Z", "additional_data": null}}, {"model": "auditlog.logentry", "pk": 41, "fields": {"content_type": 14, "object_pk": "2", "object_id": 2, "object_repr": "CEEG bole", "serialized_data": null, "action": 1, "changes_text": "", "changes": {"contact_email": ["", "None"]}, "actor": null, "cid": null, "remote_addr": null, "timestamp": "2025-04-13T19:55:32.003Z", "additional_data": null}}, {"model": "maintenance.branch", "pk": 1, "fields": {"name": "Bole Lemi SEZ", "location": "", "created_at": "2025-03-04T06:26:15.487Z", "updated_at": "2025-03-04T06:26:15.503Z"}}, {"model": "maintenance.branch", "pk": 2, "fields": {"name": "Adama SEZ", "location": "", "created_at": "2025-03-04T06:26:15.487Z", "updated_at": "2025-03-04T06:26:15.503Z"}}, {"model": "maintenance.branch", "pk": 3, "fields": {"name": "Head Office", "location": "", "created_at": "2025-03-04T06:26:15.487Z", "updated_at": "2025-03-04T06:26:15.503Z"}}, {"model": "maintenance.userprofile", "pk": 1, "fields": {"user": 2, "branch": 3, "role": "AD", "created_at": "2025-03-04T06:26:15.702Z", "updated_at": "2025-03-04T06:26:15.719Z"}}, {"model": "maintenance.userprofile", "pk": 2, "fields": {"user": 3, "branch": 2, "role": "MD manager", "created_at": "2025-03-04T06:26:15.702Z", "updated_at": "2025-03-04T06:26:15.719Z"}}, {"model": "maintenance.userprofile", "pk": 3, "fields": {"user": 4, "branch": 1, "role": "MD manager", "created_at": "2025-03-04T06:26:15.702Z", "updated_at": "2025-03-04T06:26:15.719Z"}}, {"model": "maintenance.userprofile", "pk": 4, "fields": {"user": 5, "branch": 2, "role": "TEC", "created_at": "2025-03-04T06:26:15.702Z", "updated_at": "2025-03-04T06:26:15.719Z"}}, {"model": "maintenance.userprofile", "pk": 5, "fields": {"user": 6, "branch": 1, "role": "TEC", "created_at": "2025-03-04T06:26:15.702Z", "updated_at": "2025-03-04T06:26:15.719Z"}}, {"model": "maintenance.userprofile", "pk": 6, "fields": {"user": 7, "branch": 1, "role": "CL", "created_at": "2025-03-04T06:26:15.702Z", "updated_at": "2025-03-04T06:26:15.719Z"}}, {"model": "maintenance.userprofile", "pk": 7, "fields": {"user": 8, "branch": 3, "role": "CO", "created_at": "2025-03-04T06:26:15.702Z", "updated_at": "2025-03-04T06:26:15.719Z"}}, {"model": "maintenance.userprofile", "pk": 8, "fields": {"user": 9, "branch": 1, "role": "TEC", "created_at": "2025-03-06T08:31:06.329Z", "updated_at": "2025-03-06T08:31:06.329Z"}}, {"model": "maintenance.userprofile", "pk": 9, "fields": {"user": 10, "branch": 1, "role": "TEC", "created_at": "2025-03-06T08:32:29.486Z", "updated_at": "2025-03-06T08:32:29.486Z"}}, {"model": "maintenance.userprofile", "pk": 10, "fields": {"user": 11, "branch": 3, "role": "MO", "created_at": "2025-03-09T22:56:00.926Z", "updated_at": "2025-03-09T22:56:00.926Z"}}, {"model": "maintenance.userprofile", "pk": 11, "fields": {"user": 12, "branch": 2, "role": "TEC", "created_at": "2025-03-13T07:03:21.498Z", "updated_at": "2025-03-13T07:03:21.498Z"}}, {"model": "maintenance.userprofile", "pk": 12, "fields": {"user": 13, "branch": 2, "role": "TEC", "created_at": "2025-03-13T07:03:46.436Z", "updated_at": "2025-03-13T07:03:46.436Z"}}, {"model": "maintenance.maintenancetask", "pk": 8, "fields": {"equipment_type": "transformer oil type", "description": "maintenance tasks for oil type transformer", "created_at": "2025-03-06T08:27:44.880Z", "updated_at": "2025-03-07T06:27:11.241Z"}}, {"model": "maintenance.maintenancetask", "pk": 9, "fields": {"equipment_type": "transformer dry type", "description": "maintenance tasks for dry type transformers", "created_at": "2025-03-09T23:26:35.240Z", "updated_at": "2025-03-20T06:27:16.722Z"}}, {"model": "maintenance.taskgroup", "pk": 27, "fields": {"maintenance_task": 8, "frequency": "daily", "updated_at": "2025-03-06T08:27:44.880Z"}}, {"model": "maintenance.taskgroup", "pk": 28, "fields": {"maintenance_task": 8, "frequency": "weekly", "updated_at": "2025-03-06T08:27:44.905Z"}}, {"model": "maintenance.taskgroup", "pk": 29, "fields": {"maintenance_task": 8, "frequency": "monthly", "updated_at": "2025-03-06T08:27:44.924Z"}}, {"model": "maintenance.taskgroup", "pk": 30, "fields": {"maintenance_task": 8, "frequency": "biannual", "updated_at": "2025-03-06T08:27:44.945Z"}}, {"model": "maintenance.taskgroup", "pk": 31, "fields": {"maintenance_task": 8, "frequency": "annual", "updated_at": "2025-03-06T08:27:44.962Z"}}, {"model": "maintenance.taskgroup", "pk": 32, "fields": {"maintenance_task": 9, "frequency": "daily", "updated_at": "2025-03-09T23:26:35.252Z"}}, {"model": "maintenance.taskgroup", "pk": 33, "fields": {"maintenance_task": 9, "frequency": "weekly", "updated_at": "2025-03-09T23:26:35.263Z"}}, {"model": "maintenance.taskgroup", "pk": 34, "fields": {"maintenance_task": 9, "frequency": "monthly", "updated_at": "2025-03-09T23:26:35.273Z"}}, {"model": "maintenance.taskgroup", "pk": 35, "fields": {"maintenance_task": 9, "frequency": "biannual", "updated_at": "2025-03-09T23:26:35.285Z"}}, {"model": "maintenance.taskgroup", "pk": 36, "fields": {"maintenance_task": 9, "frequency": "annual", "updated_at": "2025-03-09T23:26:35.297Z"}}, {"model": "maintenance.task", "pk": 108, "fields": {"task_group": 27, "description": "Pressure Checks ", "updated_at": "2025-03-07T06:03:25.769Z"}}, {"model": "maintenance.task", "pk": 109, "fields": {"task_group": 28, "description": "Inspect Breather", "updated_at": "2025-03-07T06:03:25.782Z"}}, {"model": "maintenance.task", "pk": 110, "fields": {"task_group": 28, "description": "Inspect Electrical Connections", "updated_at": "2025-03-07T06:03:25.787Z"}}, {"model": "maintenance.task", "pk": 111, "fields": {"task_group": 29, "description": "Cleaning", "updated_at": "2025-03-07T06:03:25.803Z"}}, {"model": "maintenance.task", "pk": 112, "fields": {"task_group": 29, "description": "Insulation Resistance Testing", "updated_at": "2025-03-07T06:03:25.805Z"}}, {"model": "maintenance.task", "pk": 113, "fields": {"task_group": 29, "description": "Thermal Imaging", "updated_at": "2025-03-07T06:03:25.805Z"}}, {"model": "maintenance.task", "pk": 114, "fields": {"task_group": 30, "description": "Oil Sampling and Analysis", "updated_at": "2025-03-07T06:03:25.820Z"}}, {"model": "maintenance.task", "pk": 115, "fields": {"task_group": 30, "description": "Functional Testing", "updated_at": "2025-03-07T06:03:25.830Z"}}, {"model": "maintenance.task", "pk": 116, "fields": {"task_group": 30, "description": "Grounding System Inspection", "updated_at": "2025-03-07T06:03:25.836Z"}}, {"model": "maintenance.task", "pk": 117, "fields": {"task_group": 31, "description": "Full Inspection", "updated_at": "2025-03-07T06:03:25.846Z"}}, {"model": "maintenance.task", "pk": 118, "fields": {"task_group": 31, "description": "Oil Replacement", "updated_at": "2025-03-07T06:03:25.854Z"}}, {"model": "maintenance.task", "pk": 119, "fields": {"task_group": 31, "description": "Dissolved Gas Analysis (DGA)", "updated_at": "2025-03-07T06:03:25.856Z"}}, {"model": "maintenance.task", "pk": 120, "fields": {"task_group": 31, "description": "Maintenance of Cooling System", "updated_at": "2025-03-07T06:03:25.856Z"}}, {"model": "maintenance.task", "pk": 121, "fields": {"task_group": 31, "description": "Review Maintenance Records", "updated_at": "2025-03-07T06:03:25.871Z"}}, {"model": "maintenance.task", "pk": 122, "fields": {"task_group": 27, "description": "new task", "updated_at": "2025-03-07T06:27:11.256Z"}}, {"model": "maintenance.task", "pk": 123, "fields": {"task_group": 32, "description": "aaa", "updated_at": "2025-03-09T23:26:35.257Z"}}, {"model": "maintenance.task", "pk": 125, "fields": {"task_group": 34, "description": "ccc", "updated_at": "2025-03-09T23:26:35.280Z"}}, {"model": "maintenance.task", "pk": 126, "fields": {"task_group": 35, "description": "ddd", "updated_at": "2025-03-09T23:26:35.291Z"}}, {"model": "maintenance.task", "pk": 128, "fields": {"task_group": 33, "description": "Check there is safe working clearance and barrier free condition.", "updated_at": "2025-03-20T06:27:10.058Z"}}, {"model": "maintenance.task", "pk": 129, "fields": {"task_group": 33, "description": "Check there is correct and legible signage", "updated_at": "2025-03-20T06:27:10.064Z"}}, {"model": "maintenance.task", "pk": 130, "fields": {"task_group": 33, "description": "Check the condition locks, gates, doors, and fences of the building.", "updated_at": "2025-03-20T06:27:10.070Z"}}, {"model": "maintenance.task", "pk": 131, "fields": {"task_group": 33, "description": "Check for cleanliness of the environment and free from weeds and vermin.", "updated_at": "2025-03-20T06:27:10.078Z"}}, {"model": "maintenance.task", "pk": 132, "fields": {"task_group": 33, "description": "Check the condition of bushings and oil leakages of transformer.", "updated_at": "2025-03-20T06:27:10.088Z"}}, {"model": "maintenance.manufacturer", "pk": 1, "fields": {"name": "CEEG adama", "description": "new", "site": 2, "contact_email": null, "contact_phone_number": null, "address": "", "created_at": "2025-03-04T06:26:15.598Z", "updated_at": "2025-03-04T06:26:15.615Z"}}, {"model": "maintenance.manufacturer", "pk": 2, "fields": {"name": "CEEG bole", "description": "", "site": 1, "contact_email": null, "contact_phone_number": "0911405060", "address": "", "created_at": "2025-03-04T06:26:15.598Z", "updated_at": "2025-04-13T19:56:52.936Z"}}, {"model": "maintenance.equipment", "pk": 10, "fields": {"name": "Transformer01", "equipment_type": "transformer oil type", "manufacturer": 2, "model_number": "001", "serial_number": "001", "branch": 1, "location": "shade1", "installation_date": "2025-01-01", "decommissioned": false, "last_daily_maintenance_date": "2025-03-20", "next_daily_maintenance_date": "2025-03-21", "last_weekly_maintenance_date": "2025-03-06", "next_weekly_maintenance_date": "2025-03-13", "last_monthly_maintenance_date": null, "next_monthly_maintenance_date": null, "last_biannual_maintenance_date": null, "next_biannual_maintenance_date": null, "last_annual_maintenance_date": null, "next_annual_maintenance_date": null, "last_maintenance_date": "2025-03-07", "next_maintenance_date": "2025-03-08", "status": "operational", "remark": "", "last_monthly_notification_sent": null, "last_biannual_notification_sent": null, "last_annual_notification_sent": null, "created_at": "2025-03-06T08:29:03.603Z", "updated_at": "2025-03-20T07:39:11.185Z"}}, {"model": "maintenance.equipment", "pk": 11, "fields": {"name": "Transformer 02", "equipment_type": "transformer oil type", "manufacturer": 2, "model_number": "0098", "serial_number": "0098", "branch": 1, "location": "shade 59", "installation_date": "2025-03-10", "decommissioned": false, "last_daily_maintenance_date": null, "next_daily_maintenance_date": null, "last_weekly_maintenance_date": null, "next_weekly_maintenance_date": null, "last_monthly_maintenance_date": null, "next_monthly_maintenance_date": null, "last_biannual_maintenance_date": null, "next_biannual_maintenance_date": null, "last_annual_maintenance_date": null, "next_annual_maintenance_date": null, "last_maintenance_date": "2025-03-09", "next_maintenance_date": "2025-03-10", "status": "operational", "remark": "", "last_monthly_notification_sent": null, "last_biannual_notification_sent": null, "last_annual_notification_sent": null, "created_at": "2025-03-09T19:44:47.415Z", "updated_at": "2025-03-09T22:28:10.031Z"}}, {"model": "maintenance.equipment", "pk": 12, "fields": {"name": "Transformer 03", "equipment_type": "transformer dry type", "manufacturer": 2, "model_number": "0078", "serial_number": "00989", "branch": 1, "location": "shade 57", "installation_date": "2025-03-03", "decommissioned": false, "last_daily_maintenance_date": "2025-04-08", "next_daily_maintenance_date": "2025-04-09", "last_weekly_maintenance_date": "2025-04-08", "next_weekly_maintenance_date": "2025-04-15", "last_monthly_maintenance_date": null, "next_monthly_maintenance_date": "2025-04-02", "last_biannual_maintenance_date": null, "next_biannual_maintenance_date": "2025-09-01", "last_annual_maintenance_date": null, "next_annual_maintenance_date": "2026-03-03", "last_maintenance_date": null, "next_maintenance_date": null, "status": "operational", "remark": "", "last_monthly_notification_sent": null, "last_biannual_notification_sent": null, "last_annual_notification_sent": null, "created_at": "2025-03-11T10:13:23.581Z", "updated_at": "2025-04-08T11:15:48.612Z"}}, {"model": "maintenance.equipment", "pk": 13, "fields": {"name": "Transformer05 Adama", "equipment_type": "transformer oil type", "manufacturer": 1, "model_number": "0097", "serial_number": "0098765", "branch": 2, "location": "shade 50", "installation_date": "2025-03-05", "decommissioned": false, "last_daily_maintenance_date": null, "next_daily_maintenance_date": null, "last_weekly_maintenance_date": "2025-03-13", "next_weekly_maintenance_date": "2025-03-20", "last_monthly_maintenance_date": null, "next_monthly_maintenance_date": "2025-04-04", "last_biannual_maintenance_date": null, "next_biannual_maintenance_date": "2025-09-03", "last_annual_maintenance_date": null, "next_annual_maintenance_date": "2026-03-05", "last_maintenance_date": null, "next_maintenance_date": null, "status": "operational", "remark": "", "last_monthly_notification_sent": null, "last_biannual_notification_sent": null, "last_annual_notification_sent": null, "created_at": "2025-03-12T13:45:48.609Z", "updated_at": "2025-03-25T06:05:45.455Z"}}, {"model": "maintenance.equipment", "pk": 14, "fields": {"name": "Transformer adama 2", "equipment_type": "transformer oil type", "manufacturer": 1, "model_number": "00965", "serial_number": "00965", "branch": 2, "location": "shade 55", "installation_date": "2025-02-11", "decommissioned": false, "last_daily_maintenance_date": "2025-03-14", "next_daily_maintenance_date": "2025-03-15", "last_weekly_maintenance_date": null, "next_weekly_maintenance_date": "2025-02-18", "last_monthly_maintenance_date": "2025-03-13", "next_monthly_maintenance_date": "2025-04-12", "last_biannual_maintenance_date": null, "next_biannual_maintenance_date": "2025-08-12", "last_annual_maintenance_date": null, "next_annual_maintenance_date": "2026-02-11", "last_maintenance_date": "2025-03-20", "next_maintenance_date": "2025-03-21", "status": "operational", "remark": "", "last_monthly_notification_sent": null, "last_biannual_notification_sent": null, "last_annual_notification_sent": null, "created_at": "2025-03-13T06:16:14.283Z", "updated_at": "2025-03-20T07:19:08.052Z"}}, {"model": "maintenance.equipment", "pk": 18, "fields": {"name": "Transformer 300", "equipment_type": "transformer dry type", "manufacturer": 2, "model_number": "00987", "serial_number": "00978", "branch": 1, "location": "shade 44", "installation_date": "2025-02-18", "decommissioned": false, "last_daily_maintenance_date": null, "next_daily_maintenance_date": null, "last_weekly_maintenance_date": null, "next_weekly_maintenance_date": "2025-02-25", "last_monthly_maintenance_date": null, "next_monthly_maintenance_date": "2025-03-20", "last_biannual_maintenance_date": null, "next_biannual_maintenance_date": "2025-08-19", "last_annual_maintenance_date": null, "next_annual_maintenance_date": "2026-02-18", "last_maintenance_date": null, "next_maintenance_date": null, "status": "operational", "remark": "", "last_monthly_notification_sent": "2025-03-21", "last_biannual_notification_sent": null, "last_annual_notification_sent": null, "created_at": "2025-03-16T17:42:07.606Z", "updated_at": "2025-03-21T06:01:42.921Z"}}, {"model": "maintenance.equipment", "pk": 23, "fields": {"name": "Transformer 60", "equipment_type": "transformer dry type", "manufacturer": 2, "model_number": "00999", "serial_number": "00999", "branch": 1, "location": "shade 59", "installation_date": "2025-02-17", "decommissioned": false, "last_daily_maintenance_date": null, "next_daily_maintenance_date": null, "last_weekly_maintenance_date": "2025-04-13", "next_weekly_maintenance_date": "2025-04-20", "last_monthly_maintenance_date": null, "next_monthly_maintenance_date": "2025-03-19", "last_biannual_maintenance_date": null, "next_biannual_maintenance_date": "2025-08-18", "last_annual_maintenance_date": null, "next_annual_maintenance_date": "2026-02-17", "last_maintenance_date": "2025-04-11", "next_maintenance_date": "2025-04-12", "status": "operational", "remark": "", "last_monthly_notification_sent": "2025-03-21", "last_biannual_notification_sent": null, "last_annual_notification_sent": null, "created_at": "2025-03-19T10:55:51.198Z", "updated_at": "2025-04-13T18:45:16.169Z"}}, {"model": "maintenance.sparepart", "pk": 1, "fields": {"name": "Spare 1 adama", "branch": 2, "store": "store 1", "quantity": 9, "description": "new", "part_number": "4", "price": "100.00", "date_added": "2025-02-23", "last_updated": "2025-03-13", "last_restock_date": null, "created_at": "2025-03-04T06:26:15.655Z", "updated_at": "2025-03-13T11:58:03.141Z"}}, {"model": "maintenance.sparepart", "pk": 2, "fields": {"name": "spare 2 adama", "branch": 2, "store": "store 2", "quantity": 20, "description": "", "part_number": "3", "price": "400.00", "date_added": "2025-02-23", "last_updated": "2025-03-13", "last_restock_date": null, "created_at": "2025-03-04T06:26:15.655Z", "updated_at": "2025-03-13T11:58:03.131Z"}}, {"model": "maintenance.sparepart", "pk": 3, "fields": {"name": "spare 1 bole", "branch": 1, "store": "store 1", "quantity": 6, "description": "", "part_number": "5", "price": "100.00", "date_added": "2025-02-23", "last_updated": "2025-04-13", "last_restock_date": "2025-04-13T10:38:05.955Z", "created_at": "2025-03-04T06:26:15.655Z", "updated_at": "2025-04-13T10:38:05.986Z"}}, {"model": "maintenance.sparepart", "pk": 4, "fields": {"name": "Spare 2 bole", "branch": 1, "store": "store 1", "quantity": 1, "description": "", "part_number": "6", "price": "400.00", "date_added": "2025-02-23", "last_updated": "2025-03-09", "last_restock_date": null, "created_at": "2025-03-04T06:26:15.655Z", "updated_at": "2025-03-09T22:27:11.584Z"}}, {"model": "maintenance.restocksparepart", "pk": 1, "fields": {"spare_part": 3, "quantity": 5, "restock_date": "2025-02-24T08:51:33.989Z", "attachment": "", "created_at": "2025-03-04T06:26:15.639Z", "updated_at": "2025-03-04T06:26:15.647Z"}}, {"model": "maintenance.restocksparepart", "pk": 2, "fields": {"spare_part": 3, "quantity": 4, "restock_date": "2025-02-24T09:06:26.342Z", "attachment": "restock_attachments/abstract_for_net.docx", "created_at": "2025-03-04T06:26:15.639Z", "updated_at": "2025-03-04T06:26:15.647Z"}}, {"model": "maintenance.restocksparepart", "pk": 3, "fields": {"spare_part": 3, "quantity": 1, "restock_date": "2025-02-24T09:21:33.845Z", "attachment": "restock_attachments/abstract_for_net.docx", "created_at": "2025-03-04T06:26:15.639Z", "updated_at": "2025-03-04T06:26:15.647Z"}}, {"model": "maintenance.restocksparepart", "pk": 4, "fields": {"spare_part": 3, "quantity": 10, "restock_date": "2025-02-24T10:49:52.541Z", "attachment": "", "created_at": "2025-03-04T06:26:15.639Z", "updated_at": "2025-03-04T06:26:15.647Z"}}, {"model": "maintenance.restocksparepart", "pk": 5, "fields": {"spare_part": 3, "quantity": 5, "restock_date": "2025-03-11T10:40:19.990Z", "attachment": "", "created_at": "2025-03-11T10:40:19.990Z", "updated_at": "2025-03-11T10:40:19.990Z"}}, {"model": "maintenance.restocksparepart", "pk": 6, "fields": {"spare_part": 3, "quantity": 5, "restock_date": "2025-04-13T10:38:05.955Z", "attachment": "", "created_at": "2025-04-13T10:38:05.955Z", "updated_at": "2025-04-13T10:38:05.955Z"}}, {"model": "maintenance.workorder", "pk": 1, "fields": {"requester": 4, "branch": 1, "equipment": 10, "location": "shade 56", "description": "problem with transformer", "status": "Accepted", "created_at": "2025-03-06T13:26:49.059Z", "updated_at": "2025-03-06T13:28:51.276Z", "price": null, "approved_by": null, "rejected_by": null, "remark": null, "assigned_technicians": []}}, {"model": "maintenance.workorder", "pk": 2, "fields": {"requester": 4, "branch": 1, "equipment": 10, "location": "shade 52", "description": "check status", "status": "accepted", "created_at": "2025-03-06T13:51:55.711Z", "updated_at": "2025-03-06T13:51:55.711Z", "price": null, "approved_by": null, "rejected_by": null, "remark": null, "assigned_technicians": []}}, {"model": "maintenance.workorder", "pk": 3, "fields": {"requester": 7, "branch": 1, "equipment": null, "location": "shade 54", "description": "problem with transformer", "status": "Pending", "created_at": "2025-03-06T13:54:39.975Z", "updated_at": "2025-03-06T13:54:39.975Z", "price": null, "approved_by": null, "rejected_by": null, "remark": null, "assigned_technicians": []}}, {"model": "maintenance.workorder", "pk": 4, "fields": {"requester": 7, "branch": 1, "equipment": null, "location": "shade 34", "description": "problem with transformer", "status": "Pending", "created_at": "2025-03-06T13:56:50.296Z", "updated_at": "2025-03-06T13:56:50.296Z", "price": null, "approved_by": null, "rejected_by": null, "remark": null, "assigned_technicians": []}}, {"model": "maintenance.workorder", "pk": 5, "fields": {"requester": 7, "branch": 1, "equipment": 10, "location": "shade 58", "description": "problem with transformer", "status": "Accepted", "created_at": "2025-03-07T06:35:18.396Z", "updated_at": "2025-03-07T06:51:43.225Z", "price": null, "approved_by": null, "rejected_by": null, "remark": null, "assigned_technicians": []}}, {"model": "maintenance.workorder", "pk": 6, "fields": {"requester": 7, "branch": 1, "equipment": null, "location": "shade 60", "description": "second problem with transformer", "status": "Accepted", "created_at": "2025-03-07T07:16:32.104Z", "updated_at": "2025-03-07T07:17:13.045Z", "price": null, "approved_by": null, "rejected_by": null, "remark": null, "assigned_technicians": []}}, {"model": "maintenance.workorder", "pk": 7, "fields": {"requester": 7, "branch": 1, "equipment": 10, "location": "shade 70", "description": "third problem with transformer", "status": "Accepted", "created_at": "2025-03-07T07:25:08.374Z", "updated_at": "2025-03-07T07:27:23.901Z", "price": null, "approved_by": null, "rejected_by": null, "remark": null, "assigned_technicians": []}}, {"model": "maintenance.workorder", "pk": 8, "fields": {"requester": 7, "branch": 1, "equipment": 10, "location": "shade 80", "description": "fourth", "status": "Complete", "created_at": "2025-03-07T07:43:42.759Z", "updated_at": "2025-03-07T07:45:27.459Z", "price": null, "approved_by": null, "rejected_by": null, "remark": null, "assigned_technicians": [6]}}, {"model": "maintenance.workorder", "pk": 9, "fields": {"requester": 7, "branch": 1, "equipment": 10, "location": "shade 85", "description": "fifth", "status": "Approved", "created_at": "2025-03-07T08:32:42.090Z", "updated_at": "2025-03-07T08:51:53.753Z", "price": null, "approved_by": null, "rejected_by": null, "remark": null, "assigned_technicians": [6]}}, {"model": "maintenance.workorder", "pk": 10, "fields": {"requester": 7, "branch": 1, "equipment": 10, "location": "shade 56", "description": "tenth problem with transformer", "status": "Accepted", "created_at": "2025-03-07T11:19:41.585Z", "updated_at": "2025-03-07T14:03:32.697Z", "price": null, "approved_by": null, "rejected_by": null, "remark": null, "assigned_technicians": [6]}}, {"model": "maintenance.workorder", "pk": 11, "fields": {"requester": 7, "branch": 1, "equipment": 11, "location": "shade 54", "description": "problem with transformer 02", "status": "Approved", "created_at": "2025-03-09T19:46:29.022Z", "updated_at": "2025-03-09T20:17:36.811Z", "price": null, "approved_by": null, "rejected_by": null, "remark": null, "assigned_technicians": [9]}}, {"model": "maintenance.workorder", "pk": 12, "fields": {"requester": 4, "branch": 1, "equipment": 11, "location": "shade 59", "description": "order from manager to fix the transformer", "status": "accepted", "created_at": "2025-03-09T20:19:12.434Z", "updated_at": "2025-03-09T20:19:36.836Z", "price": null, "approved_by": null, "rejected_by": null, "remark": null, "assigned_technicians": [10]}}, {"model": "maintenance.workorder", "pk": 13, "fields": {"requester": 4, "branch": 1, "equipment": 11, "location": "shade 02", "description": "fix the transformer in shade 02", "status": "Approved", "created_at": "2025-03-09T22:12:56.096Z", "updated_at": "2025-03-09T22:28:30.804Z", "price": null, "approved_by": null, "rejected_by": null, "remark": null, "assigned_technicians": [10]}}, {"model": "maintenance.workorder", "pk": 14, "fields": {"requester": 3, "branch": 2, "equipment": 14, "location": "shade 3", "description": "fix something", "status": "Accepted", "created_at": "2025-03-13T14:03:11.463Z", "updated_at": "2025-03-13T14:03:11.463Z", "price": null, "approved_by": null, "rejected_by": null, "remark": null, "assigned_technicians": []}}, {"model": "maintenance.workorder", "pk": 15, "fields": {"requester": 3, "branch": 2, "equipment": 14, "location": "shade 85", "description": "fix transformer", "status": "Approved", "created_at": "2025-03-14T08:21:08.782Z", "updated_at": "2025-03-20T07:19:34.498Z", "price": null, "approved_by": 3, "rejected_by": null, "remark": null, "assigned_technicians": [5]}}, {"model": "maintenance.workorder", "pk": 16, "fields": {"requester": 4, "branch": 1, "equipment": 23, "location": "shade 56", "description": "fix the transformer", "status": "Approved", "created_at": "2025-03-21T06:04:40.232Z", "updated_at": "2025-03-21T07:01:01.966Z", "price": null, "approved_by": 4, "rejected_by": null, "remark": "Fix", "assigned_technicians": [6]}}, {"model": "maintenance.workorder", "pk": 17, "fields": {"requester": 4, "branch": 1, "equipment": 18, "location": "shade 55", "description": "fix something", "status": "Accepted", "created_at": "2025-03-21T08:01:46.887Z", "updated_at": "2025-03-21T08:02:00.150Z", "price": null, "approved_by": null, "rejected_by": null, "remark": "", "assigned_technicians": [6]}}, {"model": "maintenance.workorder", "pk": 18, "fields": {"requester": 4, "branch": 1, "equipment": 12, "location": "shade 85", "description": "fix the transformer", "status": "Accepted", "created_at": "2025-03-21T08:07:14.483Z", "updated_at": "2025-03-21T08:07:26.767Z", "price": null, "approved_by": null, "rejected_by": null, "remark": "", "assigned_technicians": [6]}}, {"model": "maintenance.workorder", "pk": 19, "fields": {"requester": 4, "branch": 1, "equipment": 11, "location": "shade 56", "description": "fix", "status": "Accepted", "created_at": "2025-03-21T08:08:36.921Z", "updated_at": "2025-03-21T08:08:50.279Z", "price": null, "approved_by": null, "rejected_by": null, "remark": "", "assigned_technicians": [6]}}, {"model": "maintenance.workorder", "pk": 20, "fields": {"requester": 7, "branch": 1, "equipment": 23, "location": "shade 34", "description": "transformer fix", "status": "Approved", "created_at": "2025-03-26T08:12:46.095Z", "updated_at": "2025-04-08T06:13:30.750Z", "price": null, "approved_by": 4, "rejected_by": null, "remark": "we have fixed the transformer", "assigned_technicians": [6, 9]}}, {"model": "maintenance.workorder", "pk": 21, "fields": {"requester": 7, "branch": 1, "equipment": 23, "location": "shade 100", "description": "problem with equipment", "status": "Approved", "created_at": "2025-04-07T09:56:48.514Z", "updated_at": "2025-04-08T06:13:50.882Z", "price": "900.00", "approved_by": 4, "rejected_by": null, "remark": "", "assigned_technicians": [6, 10]}}, {"model": "maintenance.workorder", "pk": 22, "fields": {"requester": 7, "branch": 1, "equipment": 23, "location": "shade 101", "description": "problem with equipment", "status": "Approved", "created_at": "2025-04-07T11:22:18.825Z", "updated_at": "2025-04-08T06:14:01.150Z", "price": "500.00", "approved_by": 4, "rejected_by": 4, "remark": "", "assigned_technicians": [6, 9]}}, {"model": "maintenance.workorder", "pk": 23, "fields": {"requester": 7, "branch": 1, "equipment": 23, "location": "shade 20", "description": "problem with door", "status": "Complete", "created_at": "2025-04-11T07:00:11.437Z", "updated_at": "2025-04-11T07:56:52.782Z", "price": "1000.00", "approved_by": null, "rejected_by": null, "remark": "we have seen the door and the motor should be replaced ", "assigned_technicians": [6, 9]}}, {"model": "maintenance.maintenancerecord", "pk": 37, "fields": {"equipment": 10, "branch": 1, "maintenance_task": 8, "maintenance_type": "daily", "remark": "", "procedure": "", "problems": "", "status": "Approved", "datetime": "2025-03-14T08:01:44.083Z", "approved_by": 4, "rejected_by": null, "created_at": "2025-03-14T08:01:44.083Z", "updated_at": "2025-03-14T08:03:10.810Z", "assigned_technicians": [6], "accepted_by": [6]}}, {"model": "maintenance.maintenancerecord", "pk": 38, "fields": {"equipment": 14, "branch": 2, "maintenance_task": 8, "maintenance_type": "daily", "remark": "", "procedure": "", "problems": "", "status": "Approved", "datetime": "2025-03-14T08:22:05.847Z", "approved_by": 3, "rejected_by": null, "created_at": "2025-03-14T08:22:05.847Z", "updated_at": "2025-03-14T08:23:03.845Z", "assigned_technicians": [5], "accepted_by": [5]}}, {"model": "maintenance.maintenancerecord", "pk": 39, "fields": {"equipment": 12, "branch": 1, "maintenance_task": 9, "maintenance_type": "daily", "remark": "", "procedure": "", "problems": "", "status": "Not Started", "datetime": "2025-03-15T17:01:57.840Z", "approved_by": null, "rejected_by": null, "created_at": "2025-03-15T17:01:57.840Z", "updated_at": "2025-03-15T17:01:57.840Z", "assigned_technicians": [6], "accepted_by": []}}, {"model": "maintenance.maintenancerecord", "pk": 40, "fields": {"equipment": 11, "branch": 1, "maintenance_task": 8, "maintenance_type": "weekly", "remark": "", "procedure": "", "problems": "", "status": "Not Started", "datetime": "2025-03-15T17:02:49.843Z", "approved_by": null, "rejected_by": null, "created_at": "2025-03-15T17:02:49.843Z", "updated_at": "2025-03-15T17:02:49.843Z", "assigned_technicians": [6], "accepted_by": []}}, {"model": "maintenance.maintenancerecord", "pk": 41, "fields": {"equipment": 12, "branch": 1, "maintenance_task": 9, "maintenance_type": "weekly", "remark": "", "procedure": "", "problems": "", "status": "Not Started", "datetime": "2025-03-15T17:45:30.643Z", "approved_by": null, "rejected_by": null, "created_at": "2025-03-15T17:45:30.643Z", "updated_at": "2025-03-15T17:45:30.643Z", "assigned_technicians": [6], "accepted_by": []}}, {"model": "maintenance.maintenancerecord", "pk": 42, "fields": {"equipment": 12, "branch": 1, "maintenance_task": 9, "maintenance_type": "monthly", "remark": "", "procedure": "", "problems": "", "status": "Not Started", "datetime": "2025-03-15T18:10:49.825Z", "approved_by": null, "rejected_by": null, "created_at": "2025-03-15T18:10:49.825Z", "updated_at": "2025-03-15T18:10:49.825Z", "assigned_technicians": [6], "accepted_by": []}}, {"model": "maintenance.maintenancerecord", "pk": 43, "fields": {"equipment": 18, "branch": 1, "maintenance_task": 9, "maintenance_type": "daily", "remark": "", "procedure": "", "problems": "", "status": "Not Started", "datetime": "2025-03-17T06:57:10.372Z", "approved_by": null, "rejected_by": null, "created_at": "2025-03-17T06:57:10.372Z", "updated_at": "2025-03-17T06:57:10.372Z", "assigned_technicians": [6], "accepted_by": []}}, {"model": "maintenance.maintenancerecord", "pk": 44, "fields": {"equipment": 12, "branch": 1, "maintenance_task": 9, "maintenance_type": "weekly", "remark": "", "procedure": "", "problems": "", "status": "Not Started", "datetime": "2025-03-17T07:09:39.768Z", "approved_by": null, "rejected_by": null, "created_at": "2025-03-17T07:09:39.768Z", "updated_at": "2025-03-17T07:09:39.768Z", "assigned_technicians": [6], "accepted_by": []}}, {"model": "maintenance.maintenancerecord", "pk": 45, "fields": {"equipment": 11, "branch": 1, "maintenance_task": 8, "maintenance_type": "weekly", "remark": "", "procedure": "", "problems": "", "status": "Not Started", "datetime": "2025-03-17T07:10:21.918Z", "approved_by": null, "rejected_by": null, "created_at": "2025-03-17T07:10:21.918Z", "updated_at": "2025-03-17T07:10:21.918Z", "assigned_technicians": [6], "accepted_by": []}}, {"model": "maintenance.maintenancerecord", "pk": 46, "fields": {"equipment": 10, "branch": 1, "maintenance_task": 8, "maintenance_type": "weekly", "remark": "", "procedure": "", "problems": "", "status": "Not Started", "datetime": "2025-03-18T06:45:35.010Z", "approved_by": null, "rejected_by": null, "created_at": "2025-03-18T06:45:35.010Z", "updated_at": "2025-03-18T06:45:35.010Z", "assigned_technicians": [6], "accepted_by": []}}, {"model": "maintenance.maintenancerecord", "pk": 47, "fields": {"equipment": 11, "branch": 1, "maintenance_task": 8, "maintenance_type": "weekly", "remark": "", "procedure": "", "problems": "", "status": "Not Started", "datetime": "2025-03-18T08:35:58.280Z", "approved_by": null, "rejected_by": null, "created_at": "2025-03-18T08:35:58.280Z", "updated_at": "2025-03-18T08:35:58.280Z", "assigned_technicians": [6], "accepted_by": []}}, {"model": "maintenance.maintenancerecord", "pk": 48, "fields": {"equipment": 11, "branch": 1, "maintenance_task": 8, "maintenance_type": "monthly", "remark": "", "procedure": "", "problems": "", "status": "Not Started", "datetime": "2025-03-18T09:13:47.609Z", "approved_by": null, "rejected_by": null, "created_at": "2025-03-18T09:13:47.609Z", "updated_at": "2025-03-18T09:13:47.609Z", "assigned_technicians": [6], "accepted_by": []}}, {"model": "maintenance.maintenancerecord", "pk": 49, "fields": {"equipment": 18, "branch": 1, "maintenance_task": 9, "maintenance_type": "weekly", "remark": "", "procedure": "", "problems": "", "status": "Not Started", "datetime": "2025-03-18T09:30:30.558Z", "approved_by": null, "rejected_by": null, "created_at": "2025-03-18T09:30:30.558Z", "updated_at": "2025-03-18T09:30:30.558Z", "assigned_technicians": [6], "accepted_by": []}}, {"model": "maintenance.maintenancerecord", "pk": 50, "fields": {"equipment": 12, "branch": 1, "maintenance_task": 9, "maintenance_type": "weekly", "remark": "", "procedure": "", "problems": "", "status": "Approved", "datetime": "2025-03-18T10:33:49.478Z", "approved_by": 4, "rejected_by": null, "created_at": "2025-03-18T10:33:49.478Z", "updated_at": "2025-03-20T06:35:21.392Z", "assigned_technicians": [6], "accepted_by": [6]}}, {"model": "maintenance.maintenancerecord", "pk": 51, "fields": {"equipment": 23, "branch": 1, "maintenance_task": 9, "maintenance_type": "weekly", "remark": "", "procedure": "", "problems": "", "status": "Approved", "datetime": "2025-03-20T06:30:18.444Z", "approved_by": 4, "rejected_by": null, "created_at": "2025-03-20T06:30:18.444Z", "updated_at": "2025-03-20T06:31:34.439Z", "assigned_technicians": [6], "accepted_by": [6]}}, {"model": "maintenance.maintenancerecord", "pk": 52, "fields": {"equipment": 10, "branch": 1, "maintenance_task": 8, "maintenance_type": "daily", "remark": "", "procedure": "", "problems": "", "status": "Approved", "datetime": "2025-03-20T07:38:23.909Z", "approved_by": 4, "rejected_by": null, "created_at": "2025-03-20T07:38:23.909Z", "updated_at": "2025-03-20T07:39:11.172Z", "assigned_technicians": [6], "accepted_by": [6]}}, {"model": "maintenance.maintenancerecord", "pk": 53, "fields": {"equipment": 23, "branch": 1, "maintenance_task": 9, "maintenance_type": "weekly", "remark": "", "procedure": "", "problems": "", "status": "Approved", "datetime": "2025-03-26T07:56:12.109Z", "approved_by": 4, "rejected_by": null, "created_at": "2025-03-26T07:56:12.109Z", "updated_at": "2025-03-26T07:58:24.209Z", "assigned_technicians": [6], "accepted_by": [6]}}, {"model": "maintenance.maintenancerecord", "pk": 54, "fields": {"equipment": 12, "branch": 1, "maintenance_task": 9, "maintenance_type": "daily", "remark": "", "procedure": "", "problems": "", "status": "Approved", "datetime": "2025-04-08T10:48:34.760Z", "approved_by": 4, "rejected_by": null, "created_at": "2025-04-08T10:48:34.760Z", "updated_at": "2025-04-08T10:50:30.375Z", "assigned_technicians": [6], "accepted_by": [6]}}, {"model": "maintenance.maintenancerecord", "pk": 55, "fields": {"equipment": 12, "branch": 1, "maintenance_task": 9, "maintenance_type": "weekly", "remark": "", "procedure": "", "problems": "", "status": "Approved", "datetime": "2025-04-08T11:14:07.853Z", "approved_by": 4, "rejected_by": null, "created_at": "2025-04-08T11:14:07.853Z", "updated_at": "2025-04-08T11:15:48.592Z", "assigned_technicians": [6], "accepted_by": [6]}}, {"model": "maintenance.maintenancerecord", "pk": 56, "fields": {"equipment": 23, "branch": 1, "maintenance_task": 9, "maintenance_type": "weekly", "remark": "", "procedure": "", "problems": "", "status": "Accepted", "datetime": "2025-04-11T06:30:38.874Z", "approved_by": null, "rejected_by": null, "created_at": "2025-04-11T06:30:38.874Z", "updated_at": "2025-04-11T06:32:49.557Z", "assigned_technicians": [6], "accepted_by": [6]}}, {"model": "maintenance.maintenancerecord", "pk": 57, "fields": {"equipment": 23, "branch": 1, "maintenance_task": 9, "maintenance_type": "weekly", "remark": "", "procedure": "", "problems": "", "status": "Approved", "datetime": "2025-04-13T16:45:28.959Z", "approved_by": 4, "rejected_by": null, "created_at": "2025-04-13T16:45:28.959Z", "updated_at": "2025-04-13T18:45:16.158Z", "assigned_technicians": [6], "accepted_by": [6]}}, {"model": "maintenance.taskcompletion", "pk": 38, "fields": {"maintenance_record": 37, "task": 108, "completed_by": 6, "remark": null, "completed_at": "2025-03-14T08:02:35.884Z", "is_completed": false}}, {"model": "maintenance.taskcompletion", "pk": 39, "fields": {"maintenance_record": 37, "task": 122, "completed_by": 6, "remark": null, "completed_at": "2025-03-14T08:02:35.892Z", "is_completed": false}}, {"model": "maintenance.taskcompletion", "pk": 40, "fields": {"maintenance_record": 38, "task": 108, "completed_by": 5, "remark": null, "completed_at": "2025-03-14T08:22:43.279Z", "is_completed": false}}, {"model": "maintenance.taskcompletion", "pk": 41, "fields": {"maintenance_record": 38, "task": 122, "completed_by": 5, "remark": null, "completed_at": "2025-03-14T08:22:43.293Z", "is_completed": false}}, {"model": "maintenance.taskcompletion", "pk": 42, "fields": {"maintenance_record": 51, "task": 128, "completed_by": 6, "remark": null, "completed_at": "2025-03-20T06:31:04.104Z", "is_completed": false}}, {"model": "maintenance.taskcompletion", "pk": 43, "fields": {"maintenance_record": 51, "task": 129, "completed_by": 6, "remark": null, "completed_at": "2025-03-20T06:31:04.110Z", "is_completed": false}}, {"model": "maintenance.taskcompletion", "pk": 44, "fields": {"maintenance_record": 51, "task": 130, "completed_by": 6, "remark": null, "completed_at": "2025-03-20T06:31:04.116Z", "is_completed": false}}, {"model": "maintenance.taskcompletion", "pk": 45, "fields": {"maintenance_record": 50, "task": 130, "completed_by": 6, "remark": null, "completed_at": "2025-03-20T06:35:02.705Z", "is_completed": false}}, {"model": "maintenance.taskcompletion", "pk": 46, "fields": {"maintenance_record": 50, "task": 131, "completed_by": 6, "remark": null, "completed_at": "2025-03-20T06:35:02.729Z", "is_completed": false}}, {"model": "maintenance.taskcompletion", "pk": 47, "fields": {"maintenance_record": 50, "task": 132, "completed_by": 6, "remark": null, "completed_at": "2025-03-20T06:35:02.752Z", "is_completed": false}}, {"model": "maintenance.taskcompletion", "pk": 48, "fields": {"maintenance_record": 52, "task": 108, "completed_by": 6, "remark": null, "completed_at": "2025-03-20T07:38:49.306Z", "is_completed": false}}, {"model": "maintenance.taskcompletion", "pk": 49, "fields": {"maintenance_record": 52, "task": 122, "completed_by": 6, "remark": null, "completed_at": "2025-03-20T07:38:49.323Z", "is_completed": false}}, {"model": "maintenance.taskcompletion", "pk": 53, "fields": {"maintenance_record": 53, "task": 128, "completed_by": 6, "remark": null, "completed_at": "2025-03-26T07:57:07.461Z", "is_completed": false}}, {"model": "maintenance.taskcompletion", "pk": 54, "fields": {"maintenance_record": 53, "task": 129, "completed_by": 6, "remark": null, "completed_at": "2025-03-26T07:57:07.474Z", "is_completed": false}}, {"model": "maintenance.taskcompletion", "pk": 55, "fields": {"maintenance_record": 53, "task": 130, "completed_by": 6, "remark": null, "completed_at": "2025-03-26T07:57:07.485Z", "is_completed": false}}, {"model": "maintenance.taskcompletion", "pk": 56, "fields": {"maintenance_record": 54, "task": 123, "completed_by": 6, "remark": null, "completed_at": "2025-04-08T10:49:27.943Z", "is_completed": false}}, {"model": "maintenance.taskcompletion", "pk": 57, "fields": {"maintenance_record": 55, "task": 128, "completed_by": 6, "remark": null, "completed_at": "2025-04-08T11:15:12.290Z", "is_completed": false}}, {"model": "maintenance.taskcompletion", "pk": 58, "fields": {"maintenance_record": 55, "task": 129, "completed_by": 6, "remark": null, "completed_at": "2025-04-08T11:15:12.290Z", "is_completed": false}}, {"model": "maintenance.taskcompletion", "pk": 59, "fields": {"maintenance_record": 55, "task": 130, "completed_by": 6, "remark": null, "completed_at": "2025-04-08T11:15:12.306Z", "is_completed": false}}, {"model": "maintenance.taskcompletion", "pk": 60, "fields": {"maintenance_record": 57, "task": 128, "completed_by": 6, "remark": "aaa", "completed_at": "2025-04-13T18:15:45.564Z", "is_completed": true}}, {"model": "maintenance.taskcompletion", "pk": 61, "fields": {"maintenance_record": 57, "task": 129, "completed_by": 6, "remark": "bbb", "completed_at": "2025-04-13T18:15:45.586Z", "is_completed": true}}, {"model": "maintenance.taskcompletion", "pk": 62, "fields": {"maintenance_record": 57, "task": 130, "completed_by": null, "remark": "ccc", "completed_at": "2025-04-13T18:15:45.603Z", "is_completed": false}}, {"model": "maintenance.taskcompletion", "pk": 63, "fields": {"maintenance_record": 57, "task": 131, "completed_by": 6, "remark": "", "completed_at": "2025-04-13T18:37:45.153Z", "is_completed": true}}, {"model": "maintenance.taskcompletion", "pk": 64, "fields": {"maintenance_record": 57, "task": 132, "completed_by": null, "remark": "", "completed_at": "2025-04-13T18:15:45.642Z", "is_completed": false}}, {"model": "maintenance.sparepartusage", "pk": 8, "fields": {"maintenance_record": null, "work_order": 5, "spare_part": 4, "quantity_used": 4, "created_at": "2025-03-07T06:53:02.527Z", "updated_at": "2025-03-07T06:53:02.527Z"}}, {"model": "maintenance.sparepartusage", "pk": 9, "fields": {"maintenance_record": null, "work_order": 6, "spare_part": 3, "quantity_used": 2, "created_at": "2025-03-07T07:18:35.682Z", "updated_at": "2025-03-07T07:18:35.682Z"}}, {"model": "maintenance.sparepartusage", "pk": 10, "fields": {"maintenance_record": null, "work_order": 7, "spare_part": 3, "quantity_used": 5, "created_at": "2025-03-07T07:28:09.029Z", "updated_at": "2025-03-07T07:28:09.029Z"}}, {"model": "maintenance.sparepartusage", "pk": 11, "fields": {"maintenance_record": null, "work_order": 8, "spare_part": 4, "quantity_used": 7, "created_at": "2025-03-07T07:45:09.571Z", "updated_at": "2025-03-07T07:45:23.171Z"}}, {"model": "maintenance.sparepartusage", "pk": 12, "fields": {"maintenance_record": null, "work_order": 9, "spare_part": 4, "quantity_used": 3, "created_at": "2025-03-07T08:34:27.018Z", "updated_at": "2025-03-07T08:42:21.622Z"}}, {"model": "maintenance.sparepartusage", "pk": 13, "fields": {"maintenance_record": null, "work_order": 9, "spare_part": 3, "quantity_used": 1, "created_at": "2025-03-07T08:35:27.730Z", "updated_at": "2025-03-07T08:42:21.568Z"}}, {"model": "maintenance.sparepartusage", "pk": 14, "fields": {"maintenance_record": null, "work_order": 11, "spare_part": 3, "quantity_used": 1, "created_at": "2025-03-09T20:02:26.575Z", "updated_at": "2025-03-09T20:02:26.575Z"}}, {"model": "maintenance.sparepartusage", "pk": 15, "fields": {"maintenance_record": null, "work_order": 11, "spare_part": 4, "quantity_used": 1, "created_at": "2025-03-09T20:02:26.620Z", "updated_at": "2025-03-09T20:02:26.620Z"}}, {"model": "maintenance.sparepartusage", "pk": 16, "fields": {"maintenance_record": null, "work_order": 12, "spare_part": 3, "quantity_used": 1, "created_at": "2025-03-09T20:20:41.128Z", "updated_at": "2025-03-09T20:21:30.862Z"}}, {"model": "maintenance.sparepartusage", "pk": 17, "fields": {"maintenance_record": null, "work_order": 13, "spare_part": 4, "quantity_used": 1, "created_at": "2025-03-09T22:13:42.348Z", "updated_at": "2025-03-09T22:13:42.348Z"}}, {"model": "maintenance.sparepartusage", "pk": 23, "fields": {"maintenance_record": 53, "work_order": null, "spare_part": 3, "quantity_used": 2, "created_at": "2025-03-26T07:56:47.875Z", "updated_at": "2025-03-26T07:57:07.432Z"}}, {"model": "maintenance.sparepartusage", "pk": 24, "fields": {"maintenance_record": 55, "work_order": null, "spare_part": 3, "quantity_used": 2, "created_at": "2025-04-08T11:15:12.271Z", "updated_at": "2025-04-08T11:15:12.271Z"}}, {"model": "maintenance.notification", "pk": 1, "fields": {"user": 5, "type": "maintenance", "message": "You have been assigned a new maintenance task: transformer 2.", "timestamp": "2025-02-23T23:59:41Z", "is_read": true, "url": null, "created_at": "2025-03-04T06:26:15.623Z", "updated_at": "2025-03-04T06:26:15.633Z"}}, {"model": "maintenance.notification", "pk": 2, "fields": {"user": 6, "type": null, "message": "You have been assigned a new maintenance task: Transformer bole.", "timestamp": "2025-02-24T00:13:52.091Z", "is_read": true, "url": null, "created_at": "2025-03-04T06:26:15.623Z", "updated_at": "2025-03-04T06:26:15.633Z"}}, {"model": "maintenance.notification", "pk": 3, "fields": {"user": 5, "type": null, "message": "You have been assigned a new maintenance task: transformer.", "timestamp": "2025-02-24T00:50:36.764Z", "is_read": true, "url": null, "created_at": "2025-03-04T06:26:15.623Z", "updated_at": "2025-03-04T06:26:15.633Z"}}, {"model": "maintenance.notification", "pk": 4, "fields": {"user": 6, "type": null, "message": "You have been assigned a new maintenance task: Transformer bole.", "timestamp": "2025-02-24T01:41:10.070Z", "is_read": true, "url": null, "created_at": "2025-03-04T06:26:15.623Z", "updated_at": "2025-03-04T06:26:15.633Z"}}, {"model": "maintenance.notification", "pk": 5, "fields": {"user": 6, "type": null, "message": "You have been assigned a new maintenance task: Transformer bole.", "timestamp": "2025-02-24T03:27:02.490Z", "is_read": true, "url": null, "created_at": "2025-03-04T06:26:15.623Z", "updated_at": "2025-03-04T06:26:15.633Z"}}, {"model": "maintenance.notification", "pk": 6, "fields": {"user": 6, "type": null, "message": "You have been assigned a new maintenance task: Transformer bole.", "timestamp": "2025-02-24T03:59:12.964Z", "is_read": true, "url": null, "created_at": "2025-03-04T06:26:15.623Z", "updated_at": "2025-03-04T06:26:15.633Z"}}, {"model": "maintenance.notification", "pk": 7, "fields": {"user": 4, "type": null, "message": "The maintenance task for Transformer bole has been marked as complete.", "timestamp": "2025-02-24T04:00:39.428Z", "is_read": true, "url": null, "created_at": "2025-03-04T06:26:15.623Z", "updated_at": "2025-03-04T06:26:15.633Z"}}, {"model": "maintenance.notification", "pk": 8, "fields": {"user": 4, "type": null, "message": "New work order created: Transformer bole.", "timestamp": "2025-02-24T06:29:48.834Z", "is_read": true, "url": null, "created_at": "2025-03-04T06:26:15.623Z", "updated_at": "2025-03-04T06:26:15.633Z"}}, {"model": "maintenance.notification", "pk": 9, "fields": {"user": 6, "type": "maintenance", "message": "You have been assigned a new work order task: Work Order #1 - Transformer bole (transformer -- 002) .", "timestamp": "2025-02-24T10:11:05Z", "is_read": true, "url": null, "created_at": "2025-03-04T06:26:15.623Z", "updated_at": "2025-03-15T17:53:46.169Z"}}, {"model": "maintenance.notification", "pk": 10, "fields": {"user": 6, "type": "maintenance", "message": "You have been assigned a new maintenance task: New equipment.", "timestamp": "2025-02-24T06:31:07.405Z", "is_read": true, "url": null, "created_at": "2025-03-04T06:26:15.623Z", "updated_at": "2025-03-04T06:26:15.633Z"}}, {"model": "maintenance.notification", "pk": 11, "fields": {"user": 4, "type": "low_spare_part", "message": "Low stock alert: spare 1 bole is below 5 in Bole Lemi SEZ.", "timestamp": "2025-02-24T06:32:39.270Z", "is_read": true, "url": null, "created_at": "2025-03-04T06:26:15.623Z", "updated_at": "2025-03-04T06:26:15.633Z"}}, {"model": "maintenance.notification", "pk": 12, "fields": {"user": 4, "type": "maintenance", "message": "The maintenance task for New equipment has been marked as complete.", "timestamp": "2025-02-24T06:32:47.254Z", "is_read": true, "url": null, "created_at": "2025-03-04T06:26:15.623Z", "updated_at": "2025-03-04T06:26:15.633Z"}}, {"model": "maintenance.notification", "pk": 13, "fields": {"user": 6, "type": "maintenance", "message": "You have been assigned a new maintenance task: New equipment.", "timestamp": "2025-02-24T08:35:16.823Z", "is_read": true, "url": null, "created_at": "2025-03-04T06:26:15.623Z", "updated_at": "2025-03-17T06:58:24.369Z"}}, {"model": "maintenance.notification", "pk": 14, "fields": {"user": 4, "type": "maintenance", "message": "The maintenance task for New equipment has been marked as complete.", "timestamp": "2025-02-24T08:35:55.288Z", "is_read": true, "url": null, "created_at": "2025-03-04T06:26:15.623Z", "updated_at": "2025-03-04T06:26:15.633Z"}}, {"model": "maintenance.notification", "pk": 15, "fields": {"user": 4, "type": "maintenance", "message": "New work order: equipment 3.", "timestamp": "2025-02-24T10:46:51.325Z", "is_read": true, "url": null, "created_at": "2025-03-04T06:26:15.623Z", "updated_at": "2025-03-04T06:26:15.633Z"}}, {"model": "maintenance.notification", "pk": 16, "fields": {"user": 6, "type": "work_order", "message": "You have been assigned a new work order task: Work Order #2 - equipment 3 (equ -- 0056).", "timestamp": "2025-02-24T10:47:47.041Z", "is_read": true, "url": null, "created_at": "2025-03-04T06:26:15.623Z", "updated_at": "2025-03-15T17:53:44.216Z"}}, {"model": "maintenance.notification", "pk": 17, "fields": {"user": 6, "type": "work_order", "message": "You have been assigned a new work order task: Work Order #2 - equipment 3 (equ -- 0056).", "timestamp": "2025-02-24T10:52:49.558Z", "is_read": true, "url": null, "created_at": "2025-03-04T06:26:15.623Z", "updated_at": "2025-03-15T17:53:41.913Z"}}, {"model": "maintenance.notification", "pk": 18, "fields": {"user": 4, "type": null, "message": "The work order for equipment 3 has been marked as complete.", "timestamp": "2025-02-24T10:53:26.058Z", "is_read": true, "url": null, "created_at": "2025-03-04T06:26:15.623Z", "updated_at": "2025-03-06T07:12:41.730Z"}}, {"model": "maintenance.notification", "pk": 19, "fields": {"user": 7, "type": "maintenance", "message": "The work order for equipment 3 has been marked as complete.", "timestamp": "2025-02-24T10:53:26.073Z", "is_read": true, "url": null, "created_at": "2025-03-04T06:26:15.623Z", "updated_at": "2025-03-09T19:59:02.859Z"}}, {"model": "maintenance.notification", "pk": 20, "fields": {"user": 6, "type": "maintenance", "message": "You have been assigned a new maintenance task: Transformer bole.", "timestamp": "2025-02-24T11:51:27.155Z", "is_read": true, "url": null, "created_at": "2025-03-04T06:26:15.623Z", "updated_at": "2025-03-04T06:26:15.633Z"}}, {"model": "maintenance.notification", "pk": 21, "fields": {"user": 4, "type": "maintenance", "message": "The maintenance task for Transformer bole has been marked as complete.", "timestamp": "2025-02-24T11:58:36.127Z", "is_read": true, "url": null, "created_at": "2025-03-04T06:26:15.623Z", "updated_at": "2025-03-04T06:26:15.633Z"}}, {"model": "maintenance.notification", "pk": 22, "fields": {"user": 8, "type": null, "message": "aa is expiring on 2025-02-14.", "timestamp": "2025-02-27T07:35:46.861Z", "is_read": false, "url": null, "created_at": "2025-03-04T06:26:15.623Z", "updated_at": "2025-03-04T06:26:15.633Z"}}, {"model": "maintenance.notification", "pk": 23, "fields": {"user": 8, "type": null, "message": "aa is expiring on 2025-02-14.", "timestamp": "2025-02-27T07:36:53.210Z", "is_read": false, "url": null, "created_at": "2025-03-04T06:26:15.623Z", "updated_at": "2025-03-04T06:26:15.633Z"}}, {"model": "maintenance.notification", "pk": 24, "fields": {"user": 8, "type": null, "message": "aa is expiring on 2025-02-14.", "timestamp": "2025-02-27T07:39:15.405Z", "is_read": false, "url": null, "created_at": "2025-03-04T06:26:15.623Z", "updated_at": "2025-03-04T06:26:15.633Z"}}, {"model": "maintenance.notification", "pk": 25, "fields": {"user": 8, "type": null, "message": "aa is expiring on 2025-02-14.", "timestamp": "2025-02-27T07:39:52.072Z", "is_read": false, "url": null, "created_at": "2025-03-04T06:26:15.623Z", "updated_at": "2025-03-04T06:26:15.633Z"}}, {"model": "maintenance.notification", "pk": 26, "fields": {"user": 8, "type": null, "message": "aa is expiring on 2025-02-14.", "timestamp": "2025-02-27T07:40:52.285Z", "is_read": false, "url": null, "created_at": "2025-03-04T06:26:15.623Z", "updated_at": "2025-03-04T06:26:15.633Z"}}, {"model": "maintenance.notification", "pk": 27, "fields": {"user": 8, "type": null, "message": "aa is expiring on 2025-02-14.", "timestamp": "2025-02-27T07:42:05.886Z", "is_read": false, "url": null, "created_at": "2025-03-04T06:26:15.623Z", "updated_at": "2025-03-04T06:26:15.633Z"}}, {"model": "maintenance.notification", "pk": 28, "fields": {"user": 8, "type": null, "message": "aa is expiring on 2025-02-14.", "timestamp": "2025-02-27T07:42:13.191Z", "is_read": false, "url": null, "created_at": "2025-03-04T06:26:15.623Z", "updated_at": "2025-03-04T06:26:15.633Z"}}, {"model": "maintenance.notification", "pk": 29, "fields": {"user": 8, "type": null, "message": "aa is expiring on 2025-02-14.", "timestamp": "2025-02-27T07:42:24.808Z", "is_read": false, "url": null, "created_at": "2025-03-04T06:26:15.623Z", "updated_at": "2025-03-04T06:26:15.633Z"}}, {"model": "maintenance.notification", "pk": 30, "fields": {"user": 8, "type": null, "message": "aa is expiring on 2025-02-14.", "timestamp": "2025-02-27T07:42:31.054Z", "is_read": false, "url": null, "created_at": "2025-03-04T06:26:15.623Z", "updated_at": "2025-03-04T06:26:15.633Z"}}, {"model": "maintenance.notification", "pk": 31, "fields": {"user": 8, "type": null, "message": "aa is expiring on 2025-02-14.", "timestamp": "2025-02-27T07:43:26.542Z", "is_read": false, "url": null, "created_at": "2025-03-04T06:26:15.623Z", "updated_at": "2025-03-04T06:26:15.633Z"}}, {"model": "maintenance.notification", "pk": 32, "fields": {"user": 8, "type": null, "message": "aa is expiring on 2025-02-14.", "timestamp": "2025-02-27T07:45:02.337Z", "is_read": false, "url": null, "created_at": "2025-03-04T06:26:15.623Z", "updated_at": "2025-03-04T06:26:15.633Z"}}, {"model": "maintenance.notification", "pk": 33, "fields": {"user": 8, "type": null, "message": "Acetic Acid / Ethanoic Acid is expiring on 2025-02-22.", "timestamp": "2025-02-27T07:46:24.352Z", "is_read": false, "url": null, "created_at": "2025-03-04T06:26:15.623Z", "updated_at": "2025-03-04T06:26:15.633Z"}}, {"model": "maintenance.notification", "pk": 34, "fields": {"user": 8, "type": null, "message": "aa is expiring on 2025-02-14.", "timestamp": "2025-02-27T07:46:24.364Z", "is_read": false, "url": null, "created_at": "2025-03-04T06:26:15.623Z", "updated_at": "2025-03-04T06:26:15.633Z"}}, {"model": "maintenance.notification", "pk": 35, "fields": {"user": 8, "type": null, "message": "Acetic Acid / Ethanoic Acid is expiring on 2025-02-22.", "timestamp": "2025-02-27T07:47:56.526Z", "is_read": false, "url": null, "created_at": "2025-03-04T06:26:15.623Z", "updated_at": "2025-03-04T06:26:15.633Z"}}, {"model": "maintenance.notification", "pk": 36, "fields": {"user": 8, "type": null, "message": "aa is expiring on 2025-02-14.", "timestamp": "2025-02-27T07:47:56.541Z", "is_read": false, "url": null, "created_at": "2025-03-04T06:26:15.623Z", "updated_at": "2025-03-04T06:26:15.633Z"}}, {"model": "maintenance.notification", "pk": 37, "fields": {"user": 8, "type": null, "message": "Acetic Acid / Ethanoic Acid is expiring on 2025-02-22.", "timestamp": "2025-02-27T07:50:44.171Z", "is_read": false, "url": null, "created_at": "2025-03-04T06:26:15.623Z", "updated_at": "2025-03-04T06:26:15.633Z"}}, {"model": "maintenance.notification", "pk": 38, "fields": {"user": 8, "type": null, "message": "aa is expiring on 2025-02-14.", "timestamp": "2025-02-27T07:50:44.171Z", "is_read": false, "url": null, "created_at": "2025-03-04T06:26:15.623Z", "updated_at": "2025-03-04T06:26:15.633Z"}}, {"model": "maintenance.notification", "pk": 39, "fields": {"user": 8, "type": null, "message": "Acetic Acid / Ethanoic Acid is expiring on 2025-02-22.", "timestamp": "2025-02-27T07:52:38.087Z", "is_read": false, "url": null, "created_at": "2025-03-04T06:26:15.623Z", "updated_at": "2025-03-04T06:26:15.633Z"}}, {"model": "maintenance.notification", "pk": 40, "fields": {"user": 8, "type": null, "message": "aa is expiring on 2025-02-14.", "timestamp": "2025-02-27T07:52:38.105Z", "is_read": false, "url": null, "created_at": "2025-03-04T06:26:15.623Z", "updated_at": "2025-03-04T06:26:15.633Z"}}, {"model": "maintenance.notification", "pk": 41, "fields": {"user": 8, "type": null, "message": "Acetic Acid / Ethanoic Acid is expiring on 2025-02-22.", "timestamp": "2025-02-27T07:55:27.386Z", "is_read": false, "url": null, "created_at": "2025-03-04T06:26:15.623Z", "updated_at": "2025-03-04T06:26:15.633Z"}}, {"model": "maintenance.notification", "pk": 42, "fields": {"user": 8, "type": null, "message": "aa is expiring on 2025-02-14.", "timestamp": "2025-02-27T07:55:27.387Z", "is_read": false, "url": null, "created_at": "2025-03-04T06:26:15.623Z", "updated_at": "2025-03-04T06:26:15.633Z"}}, {"model": "maintenance.notification", "pk": 43, "fields": {"user": 8, "type": null, "message": "Acetic Acid / Ethanoic Acid is expiring on 2025-02-22.", "timestamp": "2025-02-27T07:59:47.453Z", "is_read": false, "url": null, "created_at": "2025-03-04T06:26:15.623Z", "updated_at": "2025-03-04T06:26:15.633Z"}}, {"model": "maintenance.notification", "pk": 44, "fields": {"user": 8, "type": null, "message": "aa is expiring on 2025-02-14.", "timestamp": "2025-02-27T07:59:47.469Z", "is_read": false, "url": null, "created_at": "2025-03-04T06:26:15.623Z", "updated_at": "2025-03-04T06:26:15.633Z"}}, {"model": "maintenance.notification", "pk": 45, "fields": {"user": 8, "type": null, "message": "Acetic Acid / Ethanoic Acid is expiring on 2025-02-22.", "timestamp": "2025-02-27T08:02:04.285Z", "is_read": false, "url": null, "created_at": "2025-03-04T06:26:15.623Z", "updated_at": "2025-03-04T06:26:15.633Z"}}, {"model": "maintenance.notification", "pk": 46, "fields": {"user": 8, "type": null, "message": "aa is expiring on 2025-02-14.", "timestamp": "2025-02-27T08:02:04.304Z", "is_read": false, "url": null, "created_at": "2025-03-04T06:26:15.623Z", "updated_at": "2025-03-04T06:26:15.633Z"}}, {"model": "maintenance.notification", "pk": 47, "fields": {"user": 8, "type": null, "message": "Acetic Acid / Ethanoic Acid is expiring on 2025-02-22.", "timestamp": "2025-02-27T08:04:29.302Z", "is_read": true, "url": null, "created_at": "2025-03-04T06:26:15.623Z", "updated_at": "2025-03-04T06:26:15.633Z"}}, {"model": "maintenance.notification", "pk": 48, "fields": {"user": 8, "type": null, "message": "aa is expiring on 2025-02-14.", "timestamp": "2025-02-27T08:04:29.322Z", "is_read": false, "url": null, "created_at": "2025-03-04T06:26:15.623Z", "updated_at": "2025-03-04T06:26:15.633Z"}}, {"model": "maintenance.notification", "pk": 49, "fields": {"user": 8, "type": null, "message": "Acetic Acid / Ethanoic Acid is expiring on 2025-02-22.", "timestamp": "2025-02-27T11:33:14.515Z", "is_read": true, "url": null, "created_at": "2025-03-04T06:26:15.623Z", "updated_at": "2025-03-04T06:26:15.633Z"}}, {"model": "maintenance.notification", "pk": 50, "fields": {"user": 8, "type": null, "message": "aa is expiring on 2025-02-14.", "timestamp": "2025-02-27T11:33:14.531Z", "is_read": true, "url": null, "created_at": "2025-03-04T06:26:15.623Z", "updated_at": "2025-03-04T06:26:15.633Z"}}, {"model": "maintenance.notification", "pk": 51, "fields": {"user": 8, "type": "expiration_list", "message": "Acetic Acid / Ethanoic Acid is expiring on 2025-02-22.", "timestamp": "2025-02-27T11:44:37.099Z", "is_read": false, "url": null, "created_at": "2025-03-04T06:26:15.623Z", "updated_at": "2025-03-04T06:26:15.633Z"}}, {"model": "maintenance.notification", "pk": 52, "fields": {"user": 8, "type": "expiration_list", "message": "Sodium Chloride is expiring on 2025-02-26.", "timestamp": "2025-02-27T11:44:37.103Z", "is_read": false, "url": null, "created_at": "2025-03-04T06:26:15.623Z", "updated_at": "2025-03-04T06:26:15.633Z"}}, {"model": "maintenance.notification", "pk": 53, "fields": {"user": 8, "type": "expiration_list", "message": "aa is expiring on 2025-02-14.", "timestamp": "2025-02-27T11:44:37.103Z", "is_read": false, "url": null, "created_at": "2025-03-04T06:26:15.623Z", "updated_at": "2025-03-04T06:26:15.633Z"}}, {"model": "maintenance.notification", "pk": 54, "fields": {"user": 8, "type": "expiration_list", "message": "Acetic Acid / Ethanoic Acid is expiring on 2025-02-22.", "timestamp": "2025-02-28T07:02:11.104Z", "is_read": false, "url": null, "created_at": "2025-03-04T06:26:15.623Z", "updated_at": "2025-03-04T06:26:15.633Z"}}, {"model": "maintenance.notification", "pk": 55, "fields": {"user": 8, "type": "expiration_list", "message": "Sodium Chloride is expiring on 2025-02-26.", "timestamp": "2025-02-28T07:02:11.111Z", "is_read": false, "url": null, "created_at": "2025-03-04T06:26:15.623Z", "updated_at": "2025-03-04T06:26:15.633Z"}}, {"model": "maintenance.notification", "pk": 56, "fields": {"user": 8, "type": "expiration_list", "message": "aa is expiring on 2025-02-14.", "timestamp": "2025-02-28T07:02:11.111Z", "is_read": false, "url": null, "created_at": "2025-03-04T06:26:15.623Z", "updated_at": "2025-03-04T06:26:15.633Z"}}, {"model": "maintenance.notification", "pk": 57, "fields": {"user": 8, "type": "expiration_list", "message": "Acetic Acid / Ethanoic Acid is expiring on 2025-02-22.", "timestamp": "2025-02-28T07:04:40.299Z", "is_read": false, "url": null, "created_at": "2025-03-04T06:26:15.623Z", "updated_at": "2025-03-04T06:26:15.633Z"}}, {"model": "maintenance.notification", "pk": 58, "fields": {"user": 8, "type": "expiration_list", "message": "Sodium Chloride is expiring on 2025-02-26.", "timestamp": "2025-02-28T07:04:40.312Z", "is_read": false, "url": null, "created_at": "2025-03-04T06:26:15.623Z", "updated_at": "2025-03-04T06:26:15.633Z"}}, {"model": "maintenance.notification", "pk": 59, "fields": {"user": 8, "type": "expiration_list", "message": "aa is expiring on 2025-02-14.", "timestamp": "2025-02-28T07:04:40.316Z", "is_read": false, "url": null, "created_at": "2025-03-04T06:26:15.623Z", "updated_at": "2025-03-04T06:26:15.633Z"}}, {"model": "maintenance.notification", "pk": 60, "fields": {"user": 8, "type": "expiration_list", "message": "Acetic Acid / Ethanoic Acid is expiring on 2025-02-22.", "timestamp": "2025-02-28T07:13:59.062Z", "is_read": false, "url": null, "created_at": "2025-03-04T06:26:15.623Z", "updated_at": "2025-03-04T06:26:15.633Z"}}, {"model": "maintenance.notification", "pk": 61, "fields": {"user": 8, "type": "expiration_list", "message": "Sodium Chloride is expiring on 2025-02-26.", "timestamp": "2025-02-28T07:13:59.076Z", "is_read": false, "url": null, "created_at": "2025-03-04T06:26:15.623Z", "updated_at": "2025-03-04T06:26:15.633Z"}}, {"model": "maintenance.notification", "pk": 62, "fields": {"user": 8, "type": "expiration_list", "message": "aa is expiring on 2025-02-14.", "timestamp": "2025-02-28T07:13:59.076Z", "is_read": false, "url": null, "created_at": "2025-03-04T06:26:15.623Z", "updated_at": "2025-03-04T06:26:15.633Z"}}, {"model": "maintenance.notification", "pk": 63, "fields": {"user": 8, "type": "expiration_list", "message": "Acetic Acid / Ethanoic Acid is expiring on 2025-02-22.", "timestamp": "2025-02-28T07:19:58.037Z", "is_read": false, "url": null, "created_at": "2025-03-04T06:26:15.623Z", "updated_at": "2025-03-04T06:26:15.633Z"}}, {"model": "maintenance.notification", "pk": 64, "fields": {"user": 8, "type": "expiration_list", "message": "Sodium Chloride is expiring on 2025-02-26.", "timestamp": "2025-02-28T07:19:58.058Z", "is_read": false, "url": null, "created_at": "2025-03-04T06:26:15.623Z", "updated_at": "2025-03-04T06:26:15.633Z"}}, {"model": "maintenance.notification", "pk": 65, "fields": {"user": 8, "type": "expiration_list", "message": "aa is expiring on 2025-02-14.", "timestamp": "2025-02-28T07:19:58.060Z", "is_read": false, "url": null, "created_at": "2025-03-04T06:26:15.623Z", "updated_at": "2025-03-04T06:26:15.633Z"}}, {"model": "maintenance.notification", "pk": 66, "fields": {"user": 8, "type": "expiration_list", "message": "Acetic Acid / Ethanoic Acid is expiring on 2025-02-22.", "timestamp": "2025-02-28T07:27:40.144Z", "is_read": false, "url": null, "created_at": "2025-03-04T06:26:15.623Z", "updated_at": "2025-03-04T06:26:15.633Z"}}, {"model": "maintenance.notification", "pk": 67, "fields": {"user": 8, "type": "expiration_list", "message": "Sodium Chloride is expiring on 2025-02-26.", "timestamp": "2025-02-28T07:27:40.158Z", "is_read": false, "url": null, "created_at": "2025-03-04T06:26:15.623Z", "updated_at": "2025-03-04T06:26:15.633Z"}}, {"model": "maintenance.notification", "pk": 68, "fields": {"user": 8, "type": "expiration_list", "message": "aa is expiring on 2025-02-14.", "timestamp": "2025-02-28T07:27:40.158Z", "is_read": false, "url": null, "created_at": "2025-03-04T06:26:15.623Z", "updated_at": "2025-03-04T06:26:15.633Z"}}, {"model": "maintenance.notification", "pk": 69, "fields": {"user": 6, "type": "maintenance", "message": "You have been assigned a new maintenance task: equipment 4.", "timestamp": "2025-03-04T10:28:42.822Z", "is_read": true, "url": null, "created_at": "2025-03-04T10:28:42.822Z", "updated_at": "2025-03-04T10:29:12.113Z"}}, {"model": "maintenance.notification", "pk": 70, "fields": {"user": 6, "type": "maintenance", "message": "You have been assigned a new maintenance task: equipment 4.", "timestamp": "2025-03-04T10:36:28.906Z", "is_read": true, "url": null, "created_at": "2025-03-04T10:36:28.906Z", "updated_at": "2025-03-15T17:53:39.739Z"}}, {"model": "maintenance.notification", "pk": 71, "fields": {"user": 6, "type": "maintenance", "message": "You have been assigned a new maintenance task: equipment 4.", "timestamp": "2025-03-04T11:06:02.475Z", "is_read": true, "url": null, "created_at": "2025-03-04T11:06:02.475Z", "updated_at": "2025-03-15T17:53:37.516Z"}}, {"model": "maintenance.notification", "pk": 72, "fields": {"user": 6, "type": "maintenance", "message": "You have been assigned a new maintenance task: equipment 4.", "timestamp": "2025-03-04T11:22:37.103Z", "is_read": true, "url": null, "created_at": "2025-03-04T11:22:37.103Z", "updated_at": "2025-03-15T17:53:35.509Z"}}, {"model": "maintenance.notification", "pk": 73, "fields": {"user": 6, "type": "maintenance", "message": "You have been assigned a new maintenance task: equipment 4.", "timestamp": "2025-03-05T06:57:04.071Z", "is_read": true, "url": null, "created_at": "2025-03-05T06:57:04.071Z", "updated_at": "2025-03-05T06:57:29.837Z"}}, {"model": "maintenance.notification", "pk": 74, "fields": {"user": 6, "type": "maintenance", "message": "You have been assigned a new maintenance task: equipment 4.", "timestamp": "2025-03-05T07:56:40.326Z", "is_read": true, "url": null, "created_at": "2025-03-05T07:56:40.326Z", "updated_at": "2025-03-15T17:53:33.463Z"}}, {"model": "maintenance.notification", "pk": 75, "fields": {"user": 6, "type": "maintenance", "message": "You have been assigned a new maintenance task: Equipment 5.", "timestamp": "2025-03-05T09:16:15.036Z", "is_read": true, "url": null, "created_at": "2025-03-05T09:16:15.036Z", "updated_at": "2025-03-15T17:53:30.930Z"}}, {"model": "maintenance.notification", "pk": 76, "fields": {"user": 6, "type": "maintenance", "message": "You have been assigned a new maintenance task: Equipment 5.", "timestamp": "2025-03-05T09:49:28.985Z", "is_read": true, "url": null, "created_at": "2025-03-05T09:49:28.985Z", "updated_at": "2025-03-15T17:52:24.666Z"}}, {"model": "maintenance.notification", "pk": 77, "fields": {"user": 6, "type": "maintenance", "message": "You have been assigned a new maintenance task: Equipment 5.", "timestamp": "2025-03-05T10:04:27.109Z", "is_read": true, "url": null, "created_at": "2025-03-05T10:04:27.109Z", "updated_at": "2025-03-15T17:53:27.305Z"}}, {"model": "maintenance.notification", "pk": 78, "fields": {"user": 6, "type": "maintenance", "message": "You have been assigned a new maintenance task: Equipment 5.", "timestamp": "2025-03-05T10:11:44.202Z", "is_read": true, "url": null, "created_at": "2025-03-05T10:11:44.202Z", "updated_at": "2025-03-15T17:52:31.548Z"}}, {"model": "maintenance.notification", "pk": 79, "fields": {"user": 6, "type": "maintenance", "message": "You have been assigned a new maintenance task: equipment 4.", "timestamp": "2025-03-05T10:26:25.435Z", "is_read": true, "url": null, "created_at": "2025-03-05T10:26:25.435Z", "updated_at": "2025-03-15T17:52:29.801Z"}}, {"model": "maintenance.notification", "pk": 80, "fields": {"user": 6, "type": "maintenance", "message": "You have been assigned a new maintenance task: Equipment 5.", "timestamp": "2025-03-05T11:00:18.335Z", "is_read": true, "url": null, "created_at": "2025-03-05T11:00:18.335Z", "updated_at": "2025-03-15T17:52:27.955Z"}}, {"model": "maintenance.notification", "pk": 81, "fields": {"user": 6, "type": "maintenance", "message": "You have been assigned a new maintenance task: Equipment 5.", "timestamp": "2025-03-05T13:05:47.160Z", "is_read": true, "url": null, "created_at": "2025-03-05T13:05:47.160Z", "updated_at": "2025-03-15T17:52:20.979Z"}}, {"model": "maintenance.notification", "pk": 82, "fields": {"user": 6, "type": "maintenance", "message": "You have been assigned a new maintenance task: Equipment 6.", "timestamp": "2025-03-05T13:11:22.094Z", "is_read": true, "url": null, "created_at": "2025-03-05T13:11:22.094Z", "updated_at": "2025-03-15T17:52:17.774Z"}}, {"model": "maintenance.notification", "pk": 83, "fields": {"user": 6, "type": "maintenance", "message": "You have been assigned a new maintenance task: Equipment 5.", "timestamp": "2025-03-05T13:25:02.294Z", "is_read": true, "url": null, "created_at": "2025-03-05T13:25:02.294Z", "updated_at": "2025-03-15T17:52:15.878Z"}}, {"model": "maintenance.notification", "pk": 84, "fields": {"user": 6, "type": "maintenance", "message": "You have been assigned a new maintenance task: Equipment 5.", "timestamp": "2025-03-05T13:38:27.219Z", "is_read": true, "url": null, "created_at": "2025-03-05T13:38:27.220Z", "updated_at": "2025-03-15T17:52:13.994Z"}}, {"model": "maintenance.notification", "pk": 85, "fields": {"user": 6, "type": "maintenance", "message": "You have been assigned a new maintenance task: Transformer01.", "timestamp": "2025-03-06T08:51:03.280Z", "is_read": true, "url": null, "created_at": "2025-03-06T08:51:03.280Z", "updated_at": "2025-03-06T08:51:27.120Z"}}, {"model": "maintenance.notification", "pk": 86, "fields": {"user": 9, "type": "maintenance", "message": "You have been assigned a new maintenance task: Transformer01.", "timestamp": "2025-03-06T08:51:03.297Z", "is_read": true, "url": null, "created_at": "2025-03-06T08:51:03.297Z", "updated_at": "2025-03-06T08:52:35.766Z"}}, {"model": "maintenance.notification", "pk": 87, "fields": {"user": 6, "type": "maintenance", "message": "You have been assigned a new maintenance task: Transformer01.", "timestamp": "2025-03-06T09:21:26.862Z", "is_read": true, "url": null, "created_at": "2025-03-06T09:21:26.862Z", "updated_at": "2025-03-15T17:52:11.403Z"}}, {"model": "maintenance.notification", "pk": 88, "fields": {"user": 10, "type": "maintenance", "message": "You have been assigned a new maintenance task: Transformer01.", "timestamp": "2025-03-06T09:21:26.863Z", "is_read": true, "url": null, "created_at": "2025-03-06T09:21:26.863Z", "updated_at": "2025-04-07T10:02:22.067Z"}}, {"model": "maintenance.notification", "pk": 89, "fields": {"user": 9, "type": "maintenance", "message": "You have been assigned a new maintenance task: Transformer01.", "timestamp": "2025-03-06T09:39:46.063Z", "is_read": false, "url": null, "created_at": "2025-03-06T09:39:46.063Z", "updated_at": "2025-03-06T09:39:46.063Z"}}, {"model": "maintenance.notification", "pk": 90, "fields": {"user": 9, "type": "maintenance", "message": "You have been assigned a new maintenance task: Transformer01.", "timestamp": "2025-03-06T09:39:46.080Z", "is_read": false, "url": null, "created_at": "2025-03-06T09:39:46.080Z", "updated_at": "2025-03-06T09:39:46.080Z"}}, {"model": "maintenance.notification", "pk": 91, "fields": {"user": 4, "type": "maintenance", "message": "The maintenance task for Transformer01 has been marked as complete.", "timestamp": "2025-03-06T09:49:54.395Z", "is_read": true, "url": null, "created_at": "2025-03-06T09:49:54.395Z", "updated_at": "2025-03-09T19:58:34.754Z"}}, {"model": "maintenance.notification", "pk": 92, "fields": {"user": 4, "type": "maintenance", "message": "The maintenance task for Transformer01 has been marked as complete.", "timestamp": "2025-03-06T12:39:43.150Z", "is_read": true, "url": null, "created_at": "2025-03-06T12:39:43.152Z", "updated_at": "2025-03-09T19:58:30.461Z"}}, {"model": "maintenance.notification", "pk": 93, "fields": {"user": 4, "type": "maintenance", "message": "New work order: Transformer01.", "timestamp": "2025-03-06T13:26:49.077Z", "is_read": true, "url": null, "created_at": "2025-03-06T13:26:49.077Z", "updated_at": "2025-03-09T19:58:27.041Z"}}, {"model": "maintenance.notification", "pk": 94, "fields": {"user": 4, "type": "maintenance", "message": "New work order: Transformer01.", "timestamp": "2025-03-06T13:51:55.722Z", "is_read": true, "url": null, "created_at": "2025-03-06T13:51:55.722Z", "updated_at": "2025-03-09T19:58:22.749Z"}}, {"model": "maintenance.notification", "pk": 95, "fields": {"user": 4, "type": "maintenance", "message": "New work order: shade 34.", "timestamp": "2025-03-06T13:56:50.308Z", "is_read": true, "url": null, "created_at": "2025-03-06T13:56:50.308Z", "updated_at": "2025-03-09T19:58:19.942Z"}}, {"model": "maintenance.notification", "pk": 96, "fields": {"user": 4, "type": "maintenance", "message": "New work order: shade 58.", "timestamp": "2025-03-07T06:35:18.403Z", "is_read": true, "url": null, "created_at": "2025-03-07T06:35:18.403Z", "updated_at": "2025-03-07T06:36:25.068Z"}}, {"model": "maintenance.notification", "pk": 97, "fields": {"user": 10, "type": "work_order", "message": "You have been assigned a new work order task: Work Order #5 - None.", "timestamp": "2025-03-07T06:38:41.865Z", "is_read": true, "url": null, "created_at": "2025-03-07T06:38:41.867Z", "updated_at": "2025-04-07T10:02:19.720Z"}}, {"model": "maintenance.notification", "pk": 98, "fields": {"user": 10, "type": "work_order", "message": "You have been assigned a new work order task: Work Order #5 - None.", "timestamp": "2025-03-07T06:38:57.038Z", "is_read": true, "url": null, "created_at": "2025-03-07T06:38:57.038Z", "updated_at": "2025-04-07T10:02:17.852Z"}}, {"model": "maintenance.notification", "pk": 99, "fields": {"user": 10, "type": "work_order", "message": "You have been assigned a new work order task: Work Order #5 - None.", "timestamp": "2025-03-07T06:40:50.634Z", "is_read": true, "url": null, "created_at": "2025-03-07T06:40:50.634Z", "updated_at": "2025-04-07T10:02:16.091Z"}}, {"model": "maintenance.notification", "pk": 100, "fields": {"user": 10, "type": "work_order", "message": "You have been assigned a new work order task: Work Order #5 - None.", "timestamp": "2025-03-07T06:42:54.187Z", "is_read": true, "url": null, "created_at": "2025-03-07T06:42:54.187Z", "updated_at": "2025-04-07T10:02:14.341Z"}}, {"model": "maintenance.notification", "pk": 101, "fields": {"user": 10, "type": "work_order", "message": "You have been assigned a new work order task: Work Order #5 - None.", "timestamp": "2025-03-07T06:45:10.952Z", "is_read": true, "url": null, "created_at": "2025-03-07T06:45:10.952Z", "updated_at": "2025-04-07T10:02:12.585Z"}}, {"model": "maintenance.notification", "pk": 102, "fields": {"user": 10, "type": "work_order", "message": "You have been assigned a new work order task: Work Order #5 - None.", "timestamp": "2025-03-07T06:45:18.438Z", "is_read": true, "url": null, "created_at": "2025-03-07T06:45:18.438Z", "updated_at": "2025-04-07T10:02:10.846Z"}}, {"model": "maintenance.notification", "pk": 103, "fields": {"user": 10, "type": "work_order", "message": "You have been assigned a new work order task: Work Order #5 - Transformer01 (001).", "timestamp": "2025-03-07T06:51:43.235Z", "is_read": true, "url": null, "created_at": "2025-03-07T06:51:43.235Z", "updated_at": "2025-04-07T10:02:09.073Z"}}, {"model": "maintenance.notification", "pk": 104, "fields": {"user": 4, "type": "maintenance", "message": "New work order: shade 60.", "timestamp": "2025-03-07T07:16:32.121Z", "is_read": true, "url": null, "created_at": "2025-03-07T07:16:32.121Z", "updated_at": "2025-03-09T19:58:17.525Z"}}, {"model": "maintenance.notification", "pk": 105, "fields": {"user": 10, "type": "work_order", "message": "You have been assigned a new work order task: Work Order #6 - None.", "timestamp": "2025-03-07T07:17:29.365Z", "is_read": true, "url": null, "created_at": "2025-03-07T07:17:29.365Z", "updated_at": "2025-04-07T10:02:07.293Z"}}, {"model": "maintenance.notification", "pk": 106, "fields": {"user": 10, "type": "work_order", "message": "You have been assigned a new work order task: Work Order #6 - None.", "timestamp": "2025-03-07T07:17:41.168Z", "is_read": true, "url": null, "created_at": "2025-03-07T07:17:41.168Z", "updated_at": "2025-03-07T07:18:18.854Z"}}, {"model": "maintenance.notification", "pk": 107, "fields": {"user": 4, "type": "maintenance", "message": "New work order: shade 70.", "timestamp": "2025-03-07T07:25:08.382Z", "is_read": true, "url": null, "created_at": "2025-03-07T07:25:08.382Z", "updated_at": "2025-03-09T19:57:59.053Z"}}, {"model": "maintenance.notification", "pk": 108, "fields": {"user": 6, "type": "work_order", "message": "You have been assigned a new work order task: Work Order #7 - Transformer01 (001).", "timestamp": "2025-03-07T07:27:23.915Z", "is_read": true, "url": null, "created_at": "2025-03-07T07:27:23.916Z", "updated_at": "2025-03-15T17:52:06.407Z"}}, {"model": "maintenance.notification", "pk": 109, "fields": {"user": 4, "type": "maintenance", "message": "New work order: shade 80.", "timestamp": "2025-03-07T07:43:42.764Z", "is_read": true, "url": null, "created_at": "2025-03-07T07:43:42.764Z", "updated_at": "2025-03-09T19:57:03.523Z"}}, {"model": "maintenance.notification", "pk": 110, "fields": {"user": 6, "type": "work_order", "message": "You have been assigned a new work order task: Work Order #8 - Transformer01 (001).", "timestamp": "2025-03-07T07:44:38.000Z", "is_read": true, "url": null, "created_at": "2025-03-07T07:44:38.001Z", "updated_at": "2025-03-15T17:52:04.530Z"}}, {"model": "maintenance.notification", "pk": 111, "fields": {"user": 6, "type": "work_order", "message": "You have been assigned a new work order task: Work Order #8 - Transformer01 (001).", "timestamp": "2025-03-07T07:45:09.585Z", "is_read": true, "url": null, "created_at": "2025-03-07T07:45:09.585Z", "updated_at": "2025-03-15T17:52:01.441Z"}}, {"model": "maintenance.notification", "pk": 112, "fields": {"user": 6, "type": "work_order", "message": "You have been assigned a new work order task: Work Order #8 - Transformer01 (001).", "timestamp": "2025-03-07T07:45:23.176Z", "is_read": true, "url": null, "created_at": "2025-03-07T07:45:23.176Z", "updated_at": "2025-03-15T17:51:52.413Z"}}, {"model": "maintenance.notification", "pk": 113, "fields": {"user": 4, "type": null, "message": "The work order for Transformer01 has been marked as complete.", "timestamp": "2025-03-07T07:45:27.483Z", "is_read": true, "url": null, "created_at": "2025-03-07T07:45:27.483Z", "updated_at": "2025-03-09T19:56:57.620Z"}}, {"model": "maintenance.notification", "pk": 114, "fields": {"user": 7, "type": "maintenance", "message": "The work order for Transformer01 has been marked as complete.", "timestamp": "2025-03-07T07:45:27.486Z", "is_read": true, "url": null, "created_at": "2025-03-07T07:45:27.486Z", "updated_at": "2025-03-09T19:58:54.499Z"}}, {"model": "maintenance.notification", "pk": 115, "fields": {"user": 4, "type": "maintenance", "message": "New work order: shade 85.", "timestamp": "2025-03-07T08:32:42.103Z", "is_read": true, "url": null, "created_at": "2025-03-07T08:32:42.103Z", "updated_at": "2025-03-09T05:55:01.989Z"}}, {"model": "maintenance.notification", "pk": 116, "fields": {"user": 6, "type": "work_order", "message": "You have been assigned a new work order task: Work Order #9 - Transformer01 (001).", "timestamp": "2025-03-07T08:33:32.554Z", "is_read": true, "url": null, "created_at": "2025-03-07T08:33:32.554Z", "updated_at": "2025-03-15T17:04:36.945Z"}}, {"model": "maintenance.notification", "pk": 117, "fields": {"user": 4, "type": "low_spare_part", "message": "Low stock alert: spare 1 bole is below 5 in Bole Lemi SEZ.", "timestamp": "2025-03-07T08:35:27.721Z", "is_read": true, "url": null, "created_at": "2025-03-07T08:35:27.721Z", "updated_at": "2025-03-09T19:50:21.492Z"}}, {"model": "maintenance.notification", "pk": 118, "fields": {"user": 4, "type": null, "message": "The work order for Transformer01 has been marked as complete.", "timestamp": "2025-03-07T08:37:25.170Z", "is_read": true, "url": null, "created_at": "2025-03-07T08:37:25.170Z", "updated_at": "2025-03-09T05:53:59.470Z"}}, {"model": "maintenance.notification", "pk": 119, "fields": {"user": 7, "type": "maintenance", "message": "The work order for Transformer01 has been marked as complete.", "timestamp": "2025-03-07T08:37:25.170Z", "is_read": true, "url": null, "created_at": "2025-03-07T08:37:25.170Z", "updated_at": "2025-03-09T19:58:49.840Z"}}, {"model": "maintenance.notification", "pk": 120, "fields": {"user": 4, "type": "low_spare_part", "message": "Low stock alert: spare 1 bole is below 5 in Bole Lemi SEZ.", "timestamp": "2025-03-07T08:40:30.276Z", "is_read": true, "url": null, "created_at": "2025-03-07T08:40:30.276Z", "updated_at": "2025-03-09T19:50:15.503Z"}}, {"model": "maintenance.notification", "pk": 121, "fields": {"user": 4, "type": "low_spare_part", "message": "Low stock alert: spare 1 bole is below 5 in Bole Lemi SEZ.", "timestamp": "2025-03-07T08:40:30.330Z", "is_read": true, "url": null, "created_at": "2025-03-07T08:40:30.330Z", "updated_at": "2025-03-09T05:53:51.510Z"}}, {"model": "maintenance.notification", "pk": 122, "fields": {"user": 4, "type": "low_spare_part", "message": "Low stock alert: spare 1 bole is below 5 in Bole Lemi SEZ.", "timestamp": "2025-03-07T08:42:21.554Z", "is_read": true, "url": null, "created_at": "2025-03-07T08:42:21.554Z", "updated_at": "2025-03-09T05:53:49.151Z"}}, {"model": "maintenance.notification", "pk": 123, "fields": {"user": 4, "type": "low_spare_part", "message": "Low stock alert: Spare 2 bole is below 5 in Bole Lemi SEZ.", "timestamp": "2025-03-07T08:42:21.604Z", "is_read": true, "url": null, "created_at": "2025-03-07T08:42:21.604Z", "updated_at": "2025-03-09T05:53:46.681Z"}}, {"model": "maintenance.notification", "pk": 124, "fields": {"user": 4, "type": "maintenance", "message": "New work order: shade 56.", "timestamp": "2025-03-07T11:19:41.596Z", "is_read": true, "url": null, "created_at": "2025-03-07T11:19:41.596Z", "updated_at": "2025-03-09T05:53:44.214Z"}}, {"model": "maintenance.notification", "pk": 125, "fields": {"user": 6, "type": "work_order", "message": "You have been assigned a new work order task: Work Order #10 - Transformer01 (001).", "timestamp": "2025-03-07T14:03:32.746Z", "is_read": true, "url": null, "created_at": "2025-03-07T14:03:32.746Z", "updated_at": "2025-03-15T17:04:33.607Z"}}, {"model": "maintenance.notification", "pk": 126, "fields": {"user": 4, "type": "maintenance", "message": "New work order: shade 54.", "timestamp": "2025-03-09T19:46:29.045Z", "is_read": true, "url": null, "created_at": "2025-03-09T19:46:29.046Z", "updated_at": "2025-03-09T19:46:55.580Z"}}, {"model": "maintenance.notification", "pk": 127, "fields": {"user": 9, "type": "work_order", "message": "You have been assigned a new work order task: Work Order #11 - Transformer 02 (0098).", "timestamp": "2025-03-09T20:00:05.771Z", "is_read": true, "url": null, "created_at": "2025-03-09T20:00:05.772Z", "updated_at": "2025-03-09T20:01:05.440Z"}}, {"model": "maintenance.notification", "pk": 128, "fields": {"user": 4, "type": "low_spare_part", "message": "Low stock alert: spare 1 bole is below 5 in Bole Lemi SEZ.", "timestamp": "2025-03-09T20:02:26.559Z", "is_read": true, "url": null, "created_at": "2025-03-09T20:02:26.559Z", "updated_at": "2025-03-09T22:24:34.939Z"}}, {"model": "maintenance.notification", "pk": 129, "fields": {"user": 4, "type": "low_spare_part", "message": "Low stock alert: Spare 2 bole is below 5 in Bole Lemi SEZ.", "timestamp": "2025-03-09T20:02:26.605Z", "is_read": true, "url": null, "created_at": "2025-03-09T20:02:26.605Z", "updated_at": "2025-03-09T22:24:32.183Z"}}, {"model": "maintenance.notification", "pk": 130, "fields": {"user": 4, "type": null, "message": "The work order for Transformer 02 has been marked as complete.", "timestamp": "2025-03-09T20:02:35.894Z", "is_read": true, "url": null, "created_at": "2025-03-09T20:02:35.895Z", "updated_at": "2025-03-09T20:08:08.377Z"}}, {"model": "maintenance.notification", "pk": 131, "fields": {"user": 7, "type": "maintenance", "message": "The work order for Transformer 02 has been marked as complete.", "timestamp": "2025-03-09T20:02:35.907Z", "is_read": true, "url": null, "created_at": "2025-03-09T20:02:35.907Z", "updated_at": "2025-04-07T09:51:19.265Z"}}, {"model": "maintenance.notification", "pk": 132, "fields": {"user": 9, "type": "work_order", "message": "The work order for Transformer 02 has been approved by manager.bole.", "timestamp": "2025-03-09T20:17:36.827Z", "is_read": true, "url": null, "created_at": "2025-03-09T20:17:36.827Z", "updated_at": "2025-03-09T20:17:56.837Z"}}, {"model": "maintenance.notification", "pk": 133, "fields": {"user": 4, "type": "work_order", "message": "New work order: shade 59.", "timestamp": "2025-03-09T20:19:12.449Z", "is_read": true, "url": null, "created_at": "2025-03-09T20:19:12.449Z", "updated_at": "2025-03-09T22:24:29.065Z"}}, {"model": "maintenance.notification", "pk": 134, "fields": {"user": 10, "type": "work_order", "message": "You have been assigned a new work order task: Work Order #12 - Transformer 02 (0098).", "timestamp": "2025-03-09T20:19:36.852Z", "is_read": true, "url": null, "created_at": "2025-03-09T20:19:36.852Z", "updated_at": "2025-03-09T20:20:05.369Z"}}, {"model": "maintenance.notification", "pk": 135, "fields": {"user": 4, "type": "low_spare_part", "message": "Low stock alert: spare 1 bole is below 5 in Bole Lemi SEZ.", "timestamp": "2025-03-09T20:20:41.120Z", "is_read": true, "url": null, "created_at": "2025-03-09T20:20:41.120Z", "updated_at": "2025-03-09T22:24:26.941Z"}}, {"model": "maintenance.notification", "pk": 136, "fields": {"user": 4, "type": "low_spare_part", "message": "Low stock alert: spare 1 bole is below 5 in Bole Lemi SEZ.", "timestamp": "2025-03-09T20:21:30.852Z", "is_read": true, "url": null, "created_at": "2025-03-09T20:21:30.852Z", "updated_at": "2025-03-09T22:24:24.902Z"}}, {"model": "maintenance.notification", "pk": 137, "fields": {"user": 4, "type": "work_order", "message": "New work order: shade 02.", "timestamp": "2025-03-09T22:12:56.109Z", "is_read": true, "url": null, "created_at": "2025-03-09T22:12:56.109Z", "updated_at": "2025-03-09T22:24:15.003Z"}}, {"model": "maintenance.notification", "pk": 138, "fields": {"user": 10, "type": "work_order", "message": "You have been assigned a new work order task: Work Order #13 - Transformer 02 (0098).", "timestamp": "2025-03-09T22:13:07.299Z", "is_read": true, "url": null, "created_at": "2025-03-09T22:13:07.300Z", "updated_at": "2025-03-09T22:13:17.732Z"}}, {"model": "maintenance.notification", "pk": 139, "fields": {"user": 4, "type": "low_spare_part", "message": "Low stock alert: Spare 2 bole is below 5 in Bole Lemi SEZ.", "timestamp": "2025-03-09T22:13:42.340Z", "is_read": true, "url": null, "created_at": "2025-03-09T22:13:42.340Z", "updated_at": "2025-03-09T22:24:22.598Z"}}, {"model": "maintenance.notification", "pk": 140, "fields": {"user": 4, "type": null, "message": "The work order for Transformer 02 has been marked as complete.", "timestamp": "2025-03-09T22:13:54.138Z", "is_read": true, "url": null, "created_at": "2025-03-09T22:13:54.138Z", "updated_at": "2025-03-09T22:23:26.362Z"}}, {"model": "maintenance.notification", "pk": 141, "fields": {"user": 10, "type": "work_order", "message": "You have been assigned a new work order task: Work Order #13 - Transformer 02 (0098).", "timestamp": "2025-03-09T22:27:11.595Z", "is_read": true, "url": null, "created_at": "2025-03-09T22:27:11.595Z", "updated_at": "2025-04-07T10:02:05.350Z"}}, {"model": "maintenance.notification", "pk": 142, "fields": {"user": 4, "type": null, "message": "The work order for Transformer 02 has been marked as complete.", "timestamp": "2025-03-09T22:28:10.043Z", "is_read": true, "url": null, "created_at": "2025-03-09T22:28:10.043Z", "updated_at": "2025-03-15T17:06:14.242Z"}}, {"model": "maintenance.notification", "pk": 143, "fields": {"user": 10, "type": "work_order", "message": "The work order for Transformer 02 has been approved by manager.bole.", "timestamp": "2025-03-09T22:28:30.818Z", "is_read": true, "url": null, "created_at": "2025-03-09T22:28:30.818Z", "updated_at": "2025-04-07T10:02:02.976Z"}}, {"model": "maintenance.notification", "pk": 144, "fields": {"user": 5, "type": "maintenance", "message": "You have been assigned a new maintenance task: Transformer adama 2.", "timestamp": "2025-03-13T07:54:53.899Z", "is_read": true, "url": null, "created_at": "2025-03-13T07:54:53.899Z", "updated_at": "2025-03-15T17:51:01.577Z"}}, {"model": "maintenance.notification", "pk": 145, "fields": {"user": 5, "type": "maintenance", "message": "You have been assigned a new maintenance task: Transformer adama 2.", "timestamp": "2025-03-13T07:54:53.906Z", "is_read": true, "url": null, "created_at": "2025-03-13T07:54:53.906Z", "updated_at": "2025-03-15T17:50:58.473Z"}}, {"model": "maintenance.notification", "pk": 146, "fields": {"user": 12, "type": "maintenance", "message": "You have been assigned a new maintenance task: Transformer adama 2.", "timestamp": "2025-03-13T07:54:53.912Z", "is_read": true, "url": null, "created_at": "2025-03-13T07:54:53.912Z", "updated_at": "2025-03-13T08:21:14.060Z"}}, {"model": "maintenance.notification", "pk": 147, "fields": {"user": 5, "type": "maintenance", "message": "You have been assigned a new maintenance task: Transformer05 Adama.", "timestamp": "2025-03-13T09:11:25.708Z", "is_read": true, "url": null, "created_at": "2025-03-13T09:11:25.708Z", "updated_at": "2025-03-15T17:50:54.178Z"}}, {"model": "maintenance.notification", "pk": 148, "fields": {"user": 12, "type": "maintenance", "message": "You have been assigned a new maintenance task: Transformer05 Adama.", "timestamp": "2025-03-13T09:11:25.723Z", "is_read": true, "url": null, "created_at": "2025-03-13T09:11:25.723Z", "updated_at": "2025-03-13T09:23:03.459Z"}}, {"model": "maintenance.notification", "pk": 149, "fields": {"user": 13, "type": "maintenance", "message": "You have been assigned a new maintenance task: Transformer adama 2.", "timestamp": "2025-03-13T09:35:10.729Z", "is_read": false, "url": null, "created_at": "2025-03-13T09:35:10.729Z", "updated_at": "2025-03-13T09:35:10.729Z"}}, {"model": "maintenance.notification", "pk": 150, "fields": {"user": 5, "type": "maintenance", "message": "You have been assigned a new maintenance task: Transformer05 Adama.", "timestamp": "2025-03-13T09:53:29.638Z", "is_read": true, "url": null, "created_at": "2025-03-13T09:53:29.638Z", "updated_at": "2025-03-13T09:57:39.615Z"}}, {"model": "maintenance.notification", "pk": 151, "fields": {"user": 3, "type": "maintenance", "message": "The maintenance task for Transformer05 Adama has been marked as complete.", "timestamp": "2025-03-13T10:05:45.989Z", "is_read": true, "url": null, "created_at": "2025-03-13T10:05:45.989Z", "updated_at": "2025-03-13T10:06:11.709Z"}}, {"model": "maintenance.notification", "pk": 152, "fields": {"user": 5, "type": "maintenance", "message": "You have been assigned a new maintenance task: Transformer adama 2.", "timestamp": "2025-03-13T10:23:21.436Z", "is_read": true, "url": null, "created_at": "2025-03-13T10:23:21.436Z", "updated_at": "2025-03-13T10:23:33.504Z"}}, {"model": "maintenance.notification", "pk": 153, "fields": {"user": 3, "type": "maintenance", "message": "The maintenance task for Transformer adama 2 has been marked as complete.", "timestamp": "2025-03-13T10:25:02.056Z", "is_read": true, "url": null, "created_at": "2025-03-13T10:25:02.056Z", "updated_at": "2025-03-13T10:25:18.193Z"}}, {"model": "maintenance.notification", "pk": 154, "fields": {"user": 3, "type": "maintenance", "message": "The maintenance task for Transformer adama 2 has been marked as complete.", "timestamp": "2025-03-13T10:39:08.021Z", "is_read": true, "url": null, "created_at": "2025-03-13T10:39:08.021Z", "updated_at": "2025-03-13T10:39:15.849Z"}}, {"model": "maintenance.notification", "pk": 155, "fields": {"user": 3, "type": "maintenance", "message": "The maintenance task for Transformer adama 2 has been marked as complete.", "timestamp": "2025-03-13T10:51:58.344Z", "is_read": true, "url": null, "created_at": "2025-03-13T10:51:58.344Z", "updated_at": "2025-03-13T10:52:08.883Z"}}, {"model": "maintenance.notification", "pk": 156, "fields": {"user": 3, "type": "maintenance", "message": "The maintenance task for Transformer05 Adama has been marked as complete.", "timestamp": "2025-03-13T11:57:05.822Z", "is_read": true, "url": null, "created_at": "2025-03-13T11:57:05.822Z", "updated_at": "2025-03-13T11:57:17.099Z"}}, {"model": "maintenance.notification", "pk": 157, "fields": {"user": 3, "type": "work_order", "message": "New work order: shade 3.", "timestamp": "2025-03-13T14:03:11.478Z", "is_read": false, "url": null, "created_at": "2025-03-13T14:03:11.478Z", "updated_at": "2025-03-13T14:03:11.478Z"}}, {"model": "maintenance.notification", "pk": 158, "fields": {"user": 6, "type": "maintenance", "message": "You have been assigned a new maintenance task: Transformer01.", "timestamp": "2025-03-14T08:01:44.108Z", "is_read": true, "url": null, "created_at": "2025-03-14T08:01:44.108Z", "updated_at": "2025-03-14T08:02:10.802Z"}}, {"model": "maintenance.notification", "pk": 159, "fields": {"user": 4, "type": "maintenance", "message": "The maintenance task for Transformer01 has been marked as complete.", "timestamp": "2025-03-14T08:02:46.566Z", "is_read": true, "url": null, "created_at": "2025-03-14T08:02:46.566Z", "updated_at": "2025-03-15T17:03:57.828Z"}}, {"model": "maintenance.notification", "pk": 160, "fields": {"user": 3, "type": "work_order", "message": "New work order: shade 85.", "timestamp": "2025-03-14T08:21:08.813Z", "is_read": false, "url": null, "created_at": "2025-03-14T08:21:08.813Z", "updated_at": "2025-03-14T08:21:08.813Z"}}, {"model": "maintenance.notification", "pk": 161, "fields": {"user": 5, "type": "maintenance", "message": "You have been assigned a new maintenance task: Transformer adama 2.", "timestamp": "2025-03-14T08:22:05.875Z", "is_read": true, "url": null, "created_at": "2025-03-14T08:22:05.878Z", "updated_at": "2025-03-15T17:50:51.747Z"}}, {"model": "maintenance.notification", "pk": 162, "fields": {"user": 3, "type": "maintenance", "message": "The maintenance task for Transformer adama 2 has been marked as complete.", "timestamp": "2025-03-14T08:22:47.828Z", "is_read": false, "url": null, "created_at": "2025-03-14T08:22:47.828Z", "updated_at": "2025-03-14T08:22:47.828Z"}}, {"model": "maintenance.notification", "pk": 163, "fields": {"user": 6, "type": "maintenance", "message": "You have been assigned a new maintenance task: Transformer 03.", "timestamp": "2025-03-15T17:01:57.850Z", "is_read": true, "url": null, "created_at": "2025-03-15T17:01:57.850Z", "updated_at": "2025-03-15T17:03:31.509Z"}}, {"model": "maintenance.notification", "pk": 164, "fields": {"user": 6, "type": "maintenance", "message": "You have been assigned a new maintenance task: Transformer 02.", "timestamp": "2025-03-15T17:02:49.858Z", "is_read": true, "url": null, "created_at": "2025-03-15T17:02:49.858Z", "updated_at": "2025-03-15T17:03:29.146Z"}}, {"model": "maintenance.notification", "pk": 165, "fields": {"user": 6, "type": "maintenance", "message": "You have been assigned a new maintenance task: Transformer 03.", "timestamp": "2025-03-15T17:45:30.661Z", "is_read": true, "url": null, "created_at": "2025-03-15T17:45:30.664Z", "updated_at": "2025-03-15T17:48:57.964Z"}}, {"model": "maintenance.notification", "pk": 166, "fields": {"user": 6, "type": "maintenance", "message": "You have been assigned a new maintenance task: Transformer 03.", "timestamp": "2025-03-15T18:10:49.846Z", "is_read": true, "url": null, "created_at": "2025-03-15T18:10:49.846Z", "updated_at": "2025-03-15T18:11:02.435Z"}}, {"model": "maintenance.notification", "pk": 167, "fields": {"user": 4, "type": "maintenance_due", "message": "Maintenance due for Transformer 99 (monthly): 2025-03-20. Location: shade 44, Branch: Bole Lemi SEZ.", "timestamp": "2025-03-16T10:38:16.384Z", "is_read": true, "url": "/equipment/15/", "created_at": "2025-03-16T10:38:16.384Z", "updated_at": "2025-03-16T10:40:48.914Z"}}, {"model": "maintenance.notification", "pk": 168, "fields": {"user": 3, "type": "maintenance_due", "message": "Maintenance due for Transformer adama 200 new (monthly): 2025-03-13. Location: shade 55, Branch: Adama SEZ.", "timestamp": "2025-03-17T06:00:08.295Z", "is_read": false, "url": "/equipment/22/", "created_at": "2025-03-17T06:00:08.295Z", "updated_at": "2025-03-17T06:00:08.295Z"}}, {"model": "maintenance.notification", "pk": 169, "fields": {"user": 4, "type": "maintenance_due", "message": "Maintenance due for Transformer new (monthly): 2025-03-20. Location: shade 44, Branch: Bole Lemi SEZ.", "timestamp": "2025-03-17T06:00:08.313Z", "is_read": true, "url": "/equipment/21/", "created_at": "2025-03-17T06:00:08.313Z", "updated_at": "2025-03-17T06:58:33.266Z"}}, {"model": "maintenance.notification", "pk": 170, "fields": {"user": 3, "type": "maintenance_due", "message": "Maintenance due for Transformer adama new (monthly): 2025-03-13. Location: shade 55, Branch: Adama SEZ.", "timestamp": "2025-03-17T06:00:08.324Z", "is_read": false, "url": "/equipment/20/", "created_at": "2025-03-17T06:00:08.324Z", "updated_at": "2025-03-17T06:00:08.324Z"}}, {"model": "maintenance.notification", "pk": 171, "fields": {"user": 3, "type": "maintenance_due", "message": "Maintenance due for Transformer adama 400 (monthly): 2025-03-13. Location: shade 55, Branch: Adama SEZ.", "timestamp": "2025-03-17T06:00:08.341Z", "is_read": false, "url": "/equipment/19/", "created_at": "2025-03-17T06:00:08.341Z", "updated_at": "2025-03-17T06:00:08.341Z"}}, {"model": "maintenance.notification", "pk": 172, "fields": {"user": 4, "type": "maintenance_due", "message": "Maintenance due for Transformer 300 (monthly): 2025-03-20. Location: shade 44, Branch: Bole Lemi SEZ.", "timestamp": "2025-03-17T06:00:08.358Z", "is_read": true, "url": "/equipment/18/", "created_at": "2025-03-17T06:00:08.358Z", "updated_at": "2025-03-17T06:58:31.188Z"}}, {"model": "maintenance.notification", "pk": 173, "fields": {"user": 3, "type": "maintenance_due", "message": "Maintenance due for Transformer adama 200 (monthly): 2025-03-13. Location: shade 55, Branch: Adama SEZ.", "timestamp": "2025-03-17T06:00:08.374Z", "is_read": false, "url": "/equipment/17/", "created_at": "2025-03-17T06:00:08.374Z", "updated_at": "2025-03-17T06:00:08.374Z"}}, {"model": "maintenance.notification", "pk": 174, "fields": {"user": 4, "type": "maintenance_due", "message": "Maintenance due for Transformer 100 (monthly): 2025-03-20. Location: shade 44, Branch: Bole Lemi SEZ.", "timestamp": "2025-03-17T06:00:08.391Z", "is_read": true, "url": "/equipment/16/", "created_at": "2025-03-17T06:00:08.391Z", "updated_at": "2025-03-17T06:02:13.665Z"}}, {"model": "maintenance.notification", "pk": 175, "fields": {"user": 4, "type": "maintenance_due", "message": "Maintenance due for Transformer 99 (monthly): 2025-03-20. Location: shade 44, Branch: Bole Lemi SEZ.", "timestamp": "2025-03-17T06:00:08.401Z", "is_read": true, "url": "/equipment/15/", "created_at": "2025-03-17T06:00:08.401Z", "updated_at": "2025-03-17T06:01:48.349Z"}}, {"model": "maintenance.notification", "pk": 176, "fields": {"user": 6, "type": "maintenance", "message": "You have been assigned a new maintenance task: Transformer 300.", "timestamp": "2025-03-17T06:57:10.382Z", "is_read": true, "url": null, "created_at": "2025-03-17T06:57:10.382Z", "updated_at": "2025-03-17T06:58:21.508Z"}}, {"model": "maintenance.notification", "pk": 177, "fields": {"user": 6, "type": "maintenance", "message": "You have been assigned a new maintenance task: Transformer 03.", "timestamp": "2025-03-17T07:09:39.784Z", "is_read": true, "url": null, "created_at": "2025-03-17T07:09:39.784Z", "updated_at": "2025-03-17T07:10:02.753Z"}}, {"model": "maintenance.notification", "pk": 178, "fields": {"user": 6, "type": "maintenance", "message": "You have been assigned a new maintenance task: Transformer 02.", "timestamp": "2025-03-17T07:10:21.934Z", "is_read": true, "url": null, "created_at": "2025-03-17T07:10:21.934Z", "updated_at": "2025-03-17T07:10:32.347Z"}}, {"model": "maintenance.notification", "pk": 179, "fields": {"user": 3, "type": "maintenance_due", "message": "Maintenance due for Transformer adama 200 new (monthly): 2025-03-13. Location: shade 55, Branch: Adama SEZ.", "timestamp": "2025-03-18T06:43:59.015Z", "is_read": false, "url": "/equipment/22/", "created_at": "2025-03-18T06:43:59.015Z", "updated_at": "2025-03-18T06:43:59.015Z"}}, {"model": "maintenance.notification", "pk": 180, "fields": {"user": 3, "type": "maintenance_due", "message": "Maintenance due for Transformer adama new (monthly): 2025-03-13. Location: shade 55, Branch: Adama SEZ.", "timestamp": "2025-03-18T06:43:59.035Z", "is_read": false, "url": "/equipment/20/", "created_at": "2025-03-18T06:43:59.035Z", "updated_at": "2025-03-18T06:43:59.035Z"}}, {"model": "maintenance.notification", "pk": 181, "fields": {"user": 3, "type": "maintenance_due", "message": "Maintenance due for Transformer adama 400 (monthly): 2025-03-13. Location: shade 55, Branch: Adama SEZ.", "timestamp": "2025-03-18T06:43:59.046Z", "is_read": false, "url": "/equipment/19/", "created_at": "2025-03-18T06:43:59.046Z", "updated_at": "2025-03-18T06:43:59.046Z"}}, {"model": "maintenance.notification", "pk": 182, "fields": {"user": 4, "type": "maintenance_due", "message": "Maintenance due for Transformer 300 (monthly): 2025-03-20. Location: shade 44, Branch: Bole Lemi SEZ.", "timestamp": "2025-03-18T06:43:59.062Z", "is_read": true, "url": "/equipment/18/", "created_at": "2025-03-18T06:43:59.062Z", "updated_at": "2025-03-18T06:44:35.902Z"}}, {"model": "maintenance.notification", "pk": 183, "fields": {"user": 3, "type": "maintenance_due", "message": "Maintenance due for Transformer adama 200 (monthly): 2025-03-13. Location: shade 55, Branch: Adama SEZ.", "timestamp": "2025-03-18T06:43:59.070Z", "is_read": false, "url": "/equipment/17/", "created_at": "2025-03-18T06:43:59.070Z", "updated_at": "2025-03-18T06:43:59.070Z"}}, {"model": "maintenance.notification", "pk": 184, "fields": {"user": 4, "type": "maintenance_due", "message": "Maintenance due for Transformer 99 (monthly): 2025-03-20. Location: shade 44, Branch: Bole Lemi SEZ.", "timestamp": "2025-03-18T06:43:59.086Z", "is_read": true, "url": "/equipment/15/", "created_at": "2025-03-18T06:43:59.086Z", "updated_at": "2025-03-18T06:44:32.610Z"}}, {"model": "maintenance.notification", "pk": 185, "fields": {"user": 6, "type": "maintenance", "message": "You have been assigned a new maintenance task: Transformer01.", "timestamp": "2025-03-18T06:45:35.026Z", "is_read": true, "url": null, "created_at": "2025-03-18T06:45:35.026Z", "updated_at": "2025-03-18T08:35:27.405Z"}}, {"model": "maintenance.notification", "pk": 186, "fields": {"user": 6, "type": "maintenance", "message": "You have been assigned a new maintenance task: Transformer 02.", "timestamp": "2025-03-18T08:35:58.293Z", "is_read": true, "url": null, "created_at": "2025-03-18T08:35:58.293Z", "updated_at": "2025-03-18T09:12:54.563Z"}}, {"model": "maintenance.notification", "pk": 187, "fields": {"user": 6, "type": "maintenance", "message": "You have been assigned a new maintenance task: Transformer 02.", "timestamp": "2025-03-18T09:13:47.625Z", "is_read": true, "url": null, "created_at": "2025-03-18T09:13:47.625Z", "updated_at": "2025-03-18T09:13:53.323Z"}}, {"model": "maintenance.notification", "pk": 188, "fields": {"user": 6, "type": "maintenance", "message": "You have been assigned a new maintenance task: Transformer 300.", "timestamp": "2025-03-18T09:30:30.575Z", "is_read": true, "url": null, "created_at": "2025-03-18T09:30:30.575Z", "updated_at": "2025-03-18T10:33:30.508Z"}}, {"model": "maintenance.notification", "pk": 189, "fields": {"user": 6, "type": "maintenance", "message": "You have been assigned a new maintenance task: Transformer 03.", "timestamp": "2025-03-18T10:33:49.491Z", "is_read": true, "url": null, "created_at": "2025-03-18T10:33:49.491Z", "updated_at": "2025-03-18T10:34:00.935Z"}}, {"model": "maintenance.notification", "pk": 190, "fields": {"user": 3, "type": "maintenance_due", "message": "Maintenance due for Transformer adama 200 new (monthly): 2025-03-13. Location: shade 55, Branch: Adama SEZ.", "timestamp": "2025-03-19T10:30:49.099Z", "is_read": false, "url": "/equipment/22/", "created_at": "2025-03-19T10:30:49.103Z", "updated_at": "2025-03-19T10:30:49.103Z"}}, {"model": "maintenance.notification", "pk": 191, "fields": {"user": 3, "type": "maintenance_due", "message": "Maintenance due for Transformer adama new (monthly): 2025-03-13. Location: shade 55, Branch: Adama SEZ.", "timestamp": "2025-03-19T10:30:49.119Z", "is_read": false, "url": "/equipment/20/", "created_at": "2025-03-19T10:30:49.119Z", "updated_at": "2025-03-19T10:30:49.119Z"}}, {"model": "maintenance.notification", "pk": 192, "fields": {"user": 3, "type": "maintenance_due", "message": "Maintenance due for Transformer adama 400 (monthly): 2025-03-13. Location: shade 55, Branch: Adama SEZ.", "timestamp": "2025-03-19T10:30:49.136Z", "is_read": false, "url": "/equipment/19/", "created_at": "2025-03-19T10:30:49.136Z", "updated_at": "2025-03-19T10:30:49.136Z"}}, {"model": "maintenance.notification", "pk": 193, "fields": {"user": 4, "type": "maintenance_due", "message": "Maintenance due for Transformer 300 (monthly): 2025-03-20. Location: shade 44, Branch: Bole Lemi SEZ.", "timestamp": "2025-03-19T10:30:49.153Z", "is_read": true, "url": "/equipment/18/", "created_at": "2025-03-19T10:30:49.153Z", "updated_at": "2025-04-07T09:56:40.760Z"}}, {"model": "maintenance.notification", "pk": 194, "fields": {"user": 3, "type": "maintenance_due", "message": "Maintenance due for Transformer adama 200 (monthly): 2025-03-13. Location: shade 55, Branch: Adama SEZ.", "timestamp": "2025-03-19T10:30:49.169Z", "is_read": false, "url": "/equipment/17/", "created_at": "2025-03-19T10:30:49.169Z", "updated_at": "2025-03-19T10:30:49.169Z"}}, {"model": "maintenance.notification", "pk": 195, "fields": {"user": 4, "type": "maintenance_due", "message": "Maintenance due for Transformer 99 (monthly): 2025-03-20. Location: shade 44, Branch: Bole Lemi SEZ.", "timestamp": "2025-03-19T10:30:49.186Z", "is_read": true, "url": "/equipment/15/", "created_at": "2025-03-19T10:30:49.186Z", "updated_at": "2025-04-07T09:56:38.932Z"}}, {"model": "maintenance.notification", "pk": 196, "fields": {"user": 4, "type": "maintenance_due", "message": "Maintenance due for Transformer 60 (monthly): 2025-03-19. Location: shade 59, Branch: Bole Lemi SEZ.", "timestamp": "2025-03-19T10:55:52.111Z", "is_read": true, "url": "/equipment/23/", "created_at": "2025-03-19T10:55:52.111Z", "updated_at": "2025-03-19T10:56:00.340Z"}}, {"model": "maintenance.notification", "pk": 197, "fields": {"user": 4, "type": "maintenance_due", "message": "Maintenance due for Transformer 60 (monthly): 2025-03-19. Location: shade 59, Branch: Bole Lemi SEZ.", "timestamp": "2025-03-20T06:02:47.733Z", "is_read": true, "url": "/equipment/23/", "created_at": "2025-03-20T06:02:47.733Z", "updated_at": "2025-04-07T09:56:36.117Z"}}, {"model": "maintenance.notification", "pk": 198, "fields": {"user": 3, "type": "maintenance_due", "message": "Maintenance due for Transformer adama 200 new (monthly): 2025-03-13. Location: shade 55, Branch: Adama SEZ.", "timestamp": "2025-03-20T06:02:47.750Z", "is_read": false, "url": "/equipment/22/", "created_at": "2025-03-20T06:02:47.750Z", "updated_at": "2025-03-20T06:02:47.750Z"}}, {"model": "maintenance.notification", "pk": 199, "fields": {"user": 3, "type": "maintenance_due", "message": "Maintenance due for Transformer adama new (monthly): 2025-03-13. Location: shade 55, Branch: Adama SEZ.", "timestamp": "2025-03-20T06:02:47.760Z", "is_read": false, "url": "/equipment/20/", "created_at": "2025-03-20T06:02:47.760Z", "updated_at": "2025-03-20T06:02:47.760Z"}}, {"model": "maintenance.notification", "pk": 200, "fields": {"user": 3, "type": "maintenance_due", "message": "Maintenance due for Transformer adama 400 (monthly): 2025-03-13. Location: shade 55, Branch: Adama SEZ.", "timestamp": "2025-03-20T06:02:47.774Z", "is_read": false, "url": "/equipment/19/", "created_at": "2025-03-20T06:02:47.774Z", "updated_at": "2025-03-20T06:02:47.774Z"}}, {"model": "maintenance.notification", "pk": 201, "fields": {"user": 4, "type": "maintenance_due", "message": "Maintenance due for Transformer 300 (monthly): 2025-03-20. Location: shade 44, Branch: Bole Lemi SEZ.", "timestamp": "2025-03-20T06:02:47.791Z", "is_read": true, "url": "/equipment/18/", "created_at": "2025-03-20T06:02:47.791Z", "updated_at": "2025-04-07T09:56:34.216Z"}}, {"model": "maintenance.notification", "pk": 202, "fields": {"user": 3, "type": "maintenance_due", "message": "Maintenance due for Transformer adama 200 (monthly): 2025-03-13. Location: shade 55, Branch: Adama SEZ.", "timestamp": "2025-03-20T06:02:47.804Z", "is_read": false, "url": "/equipment/17/", "created_at": "2025-03-20T06:02:47.804Z", "updated_at": "2025-03-20T06:02:47.804Z"}}, {"model": "maintenance.notification", "pk": 203, "fields": {"user": 4, "type": "maintenance_due", "message": "Maintenance due for Transformer 99 (monthly): 2025-03-20. Location: shade 44, Branch: Bole Lemi SEZ.", "timestamp": "2025-03-20T06:02:47.816Z", "is_read": true, "url": "/equipment/15/", "created_at": "2025-03-20T06:02:47.816Z", "updated_at": "2025-03-20T06:18:27.645Z"}}, {"model": "maintenance.notification", "pk": 204, "fields": {"user": 6, "type": "maintenance", "message": "You have been assigned a new maintenance task: Transformer 60.", "timestamp": "2025-03-20T06:30:18.472Z", "is_read": true, "url": null, "created_at": "2025-03-20T06:30:18.472Z", "updated_at": "2025-03-20T06:30:28.959Z"}}, {"model": "maintenance.notification", "pk": 205, "fields": {"user": 4, "type": "maintenance", "message": "The maintenance task for Transformer 60 has been marked as complete.", "timestamp": "2025-03-20T06:31:15.980Z", "is_read": true, "url": null, "created_at": "2025-03-20T06:31:15.982Z", "updated_at": "2025-03-20T06:31:22.672Z"}}, {"model": "maintenance.notification", "pk": 206, "fields": {"user": 4, "type": "maintenance", "message": "The maintenance task for Transformer 03 has been marked as complete.", "timestamp": "2025-03-20T06:35:07.218Z", "is_read": true, "url": null, "created_at": "2025-03-20T06:35:07.218Z", "updated_at": "2025-03-20T06:35:12.506Z"}}, {"model": "maintenance.notification", "pk": 207, "fields": {"user": 5, "type": "work_order", "message": "You have been assigned a new work order task: Work Order #15 - Transformer adama 2 (00965).", "timestamp": "2025-03-20T07:18:21.621Z", "is_read": false, "url": null, "created_at": "2025-03-20T07:18:21.624Z", "updated_at": "2025-03-20T07:18:21.624Z"}}, {"model": "maintenance.notification", "pk": 208, "fields": {"user": 3, "type": "Work Order #15 - Transformer adama 2 (00965)", "message": "The work order for Transformer adama 2 has been marked as complete.", "timestamp": "2025-03-20T07:19:08.059Z", "is_read": false, "url": null, "created_at": "2025-03-20T07:19:08.059Z", "updated_at": "2025-03-20T07:19:08.059Z"}}, {"model": "maintenance.notification", "pk": 209, "fields": {"user": 5, "type": "work_order", "message": "The work order for Transformer adama 2 has been approved by manager.adama.", "timestamp": "2025-03-20T07:19:34.514Z", "is_read": false, "url": null, "created_at": "2025-03-20T07:19:34.514Z", "updated_at": "2025-03-20T07:19:34.514Z"}}, {"model": "maintenance.notification", "pk": 210, "fields": {"user": 6, "type": "maintenance", "message": "You have been assigned a new maintenance task: Transformer01.", "timestamp": "2025-03-20T07:38:23.925Z", "is_read": true, "url": null, "created_at": "2025-03-20T07:38:23.925Z", "updated_at": "2025-03-20T07:38:36.634Z"}}, {"model": "maintenance.notification", "pk": 211, "fields": {"user": 4, "type": "maintenance", "message": "The maintenance task for Transformer01 has been marked as complete.", "timestamp": "2025-03-20T07:38:53.544Z", "is_read": true, "url": null, "created_at": "2025-03-20T07:38:53.544Z", "updated_at": "2025-03-20T07:39:06.462Z"}}, {"model": "maintenance.notification", "pk": 212, "fields": {"user": 4, "type": "maintenance_due", "message": "Maintenance due for Transformer 60 (monthly): 2025-03-19. Location: shade 59, Branch: Bole Lemi SEZ.", "timestamp": "2025-03-21T06:01:42.782Z", "is_read": true, "url": "/equipment/23/", "created_at": "2025-03-21T06:01:42.782Z", "updated_at": "2025-04-07T09:56:31.952Z"}}, {"model": "maintenance.notification", "pk": 213, "fields": {"user": 3, "type": "maintenance_due", "message": "Maintenance due for Transformer adama 200 new (monthly): 2025-03-13. Location: shade 55, Branch: Adama SEZ.", "timestamp": "2025-03-21T06:01:42.832Z", "is_read": false, "url": "/equipment/22/", "created_at": "2025-03-21T06:01:42.832Z", "updated_at": "2025-03-21T06:01:42.832Z"}}, {"model": "maintenance.notification", "pk": 214, "fields": {"user": 3, "type": "maintenance_due", "message": "Maintenance due for Transformer adama new (monthly): 2025-03-13. Location: shade 55, Branch: Adama SEZ.", "timestamp": "2025-03-21T06:01:42.870Z", "is_read": false, "url": "/equipment/20/", "created_at": "2025-03-21T06:01:42.870Z", "updated_at": "2025-03-21T06:01:42.870Z"}}, {"model": "maintenance.notification", "pk": 215, "fields": {"user": 3, "type": "maintenance_due", "message": "Maintenance due for Transformer adama 400 (monthly): 2025-03-13. Location: shade 55, Branch: Adama SEZ.", "timestamp": "2025-03-21T06:01:42.887Z", "is_read": false, "url": "/equipment/19/", "created_at": "2025-03-21T06:01:42.887Z", "updated_at": "2025-03-21T06:01:42.887Z"}}, {"model": "maintenance.notification", "pk": 216, "fields": {"user": 4, "type": "maintenance_due", "message": "Maintenance due for Transformer 300 (monthly): 2025-03-20. Location: shade 44, Branch: Bole Lemi SEZ.", "timestamp": "2025-03-21T06:01:42.909Z", "is_read": true, "url": "/equipment/18/", "created_at": "2025-03-21T06:01:42.909Z", "updated_at": "2025-04-07T09:56:29.722Z"}}, {"model": "maintenance.notification", "pk": 217, "fields": {"user": 3, "type": "maintenance_due", "message": "Maintenance due for Transformer adama 200 (monthly): 2025-03-13. Location: shade 55, Branch: Adama SEZ.", "timestamp": "2025-03-21T06:01:42.931Z", "is_read": false, "url": "/equipment/17/", "created_at": "2025-03-21T06:01:42.932Z", "updated_at": "2025-03-21T06:01:42.932Z"}}, {"model": "maintenance.notification", "pk": 218, "fields": {"user": 4, "type": "maintenance_due", "message": "Maintenance due for Transformer 99 (monthly): 2025-03-20. Location: shade 44, Branch: Bole Lemi SEZ.", "timestamp": "2025-03-21T06:01:42.957Z", "is_read": true, "url": "/equipment/15/", "created_at": "2025-03-21T06:01:42.957Z", "updated_at": "2025-03-26T08:05:14.845Z"}}, {"model": "maintenance.notification", "pk": 219, "fields": {"user": 6, "type": "work_order", "message": "You have been assigned a new work order task: Work Order #16 - Transformer 60 (00999).", "timestamp": "2025-03-21T06:05:39.049Z", "is_read": true, "url": null, "created_at": "2025-03-21T06:05:39.052Z", "updated_at": "2025-03-21T06:05:48.055Z"}}, {"model": "maintenance.notification", "pk": 220, "fields": {"user": 6, "type": "work_order", "message": "You have been assigned a new work order task: Work Order #16 - Transformer 60 (00999).", "timestamp": "2025-03-21T06:06:26.201Z", "is_read": true, "url": null, "created_at": "2025-03-21T06:06:26.201Z", "updated_at": "2025-03-21T06:08:07.977Z"}}, {"model": "maintenance.notification", "pk": 221, "fields": {"user": 6, "type": "work_order", "message": "You have been assigned a new work order task: Work Order #16 - Transformer 60 (00999).", "timestamp": "2025-03-21T06:08:50.590Z", "is_read": true, "url": null, "created_at": "2025-03-21T06:08:50.590Z", "updated_at": "2025-03-21T07:35:47.055Z"}}, {"model": "maintenance.notification", "pk": 222, "fields": {"user": 6, "type": "work_order", "message": "You have been assigned a new work order task: Work Order #16 - Transformer 60 (00999).", "timestamp": "2025-03-21T06:20:18.340Z", "is_read": true, "url": null, "created_at": "2025-03-21T06:20:18.340Z", "updated_at": "2025-03-21T07:35:45.071Z"}}, {"model": "maintenance.notification", "pk": 223, "fields": {"user": 6, "type": "work_order", "message": "You have been assigned a new work order task: Work Order #16 - Transformer 60 (00999).", "timestamp": "2025-03-21T06:32:19.500Z", "is_read": true, "url": null, "created_at": "2025-03-21T06:32:19.500Z", "updated_at": "2025-03-21T07:35:42.969Z"}}, {"model": "maintenance.notification", "pk": 224, "fields": {"user": 6, "type": "work_order", "message": "You have been assigned a new work order task: Work Order #16 - Transformer 60 (00999).", "timestamp": "2025-03-21T06:32:58.410Z", "is_read": true, "url": null, "created_at": "2025-03-21T06:32:58.410Z", "updated_at": "2025-03-21T07:35:40.717Z"}}, {"model": "maintenance.notification", "pk": 225, "fields": {"user": 6, "type": "work_order", "message": "You have been assigned a new work order task: Work Order #16 - Transformer 60 (00999).", "timestamp": "2025-03-21T06:43:22.599Z", "is_read": true, "url": null, "created_at": "2025-03-21T06:43:22.599Z", "updated_at": "2025-03-21T07:35:38.449Z"}}, {"model": "maintenance.notification", "pk": 226, "fields": {"user": 4, "type": "work_order", "message": "The work order for Transformer 60 has been marked as complete.", "timestamp": "2025-03-21T06:43:39Z", "is_read": true, "url": null, "created_at": "2025-03-21T06:43:39.757Z", "updated_at": "2025-03-21T06:49:23.215Z"}}, {"model": "maintenance.notification", "pk": 227, "fields": {"user": 6, "type": "work_order", "message": "The work order for Transformer 60 has been approved by manager.bole.", "timestamp": "2025-03-21T06:49:42.069Z", "is_read": true, "url": null, "created_at": "2025-03-21T06:49:42.069Z", "updated_at": "2025-03-21T07:35:34.099Z"}}, {"model": "maintenance.notification", "pk": 228, "fields": {"user": 6, "type": "work_order", "message": "You have been assigned a new work order task: Work Order #16 - Transformer 60 (00999).", "timestamp": "2025-03-21T07:01:01.982Z", "is_read": true, "url": null, "created_at": "2025-03-21T07:01:01.982Z", "updated_at": "2025-03-21T07:35:30.890Z"}}, {"model": "maintenance.notification", "pk": 229, "fields": {"user": 6, "type": "work_order", "message": "You have been assigned a new work order task: Work Order #18 - Transformer 03 (00989).", "timestamp": "2025-03-21T08:07:26.810Z", "is_read": true, "url": null, "created_at": "2025-03-21T08:07:26.810Z", "updated_at": "2025-03-21T08:08:01.012Z"}}, {"model": "maintenance.notification", "pk": 230, "fields": {"user": 6, "type": "work_order", "message": "You have been assigned a new work order task: Work Order #19 - Transformer 02 (0098).", "timestamp": "2025-03-21T08:08:50.299Z", "is_read": true, "url": null, "created_at": "2025-03-21T08:08:50.299Z", "updated_at": "2025-03-21T08:09:04.206Z"}}, {"model": "maintenance.notification", "pk": 231, "fields": {"user": 6, "type": "maintenance", "message": "You have been assigned a new maintenance task: Transformer 60.", "timestamp": "2025-03-26T07:56:12.141Z", "is_read": true, "url": null, "created_at": "2025-03-26T07:56:12.141Z", "updated_at": "2025-03-26T07:56:18.276Z"}}, {"model": "maintenance.notification", "pk": 232, "fields": {"user": 4, "type": "low_spare_part", "message": "Low stock alert: spare 1 bole is below 5 in Bole Lemi SEZ.", "timestamp": "2025-03-26T07:56:47.855Z", "is_read": true, "url": null, "created_at": "2025-03-26T07:56:47.855Z", "updated_at": "2025-03-30T10:29:33.264Z"}}, {"model": "maintenance.notification", "pk": 233, "fields": {"user": 4, "type": "low_spare_part", "message": "Low stock alert: spare 1 bole is below 5 in Bole Lemi SEZ.", "timestamp": "2025-03-26T07:57:07.398Z", "is_read": true, "url": null, "created_at": "2025-03-26T07:57:07.398Z", "updated_at": "2025-03-30T10:29:29.035Z"}}, {"model": "maintenance.notification", "pk": 234, "fields": {"user": 4, "type": "maintenance", "message": "The maintenance task for Transformer 60 has been marked as complete.", "timestamp": "2025-03-26T07:57:12.590Z", "is_read": true, "url": null, "created_at": "2025-03-26T07:57:12.590Z", "updated_at": "2025-03-26T07:57:19.414Z"}}, {"model": "maintenance.notification", "pk": 235, "fields": {"user": 4, "type": "work_order", "message": "New work order: shade 34.", "timestamp": "2025-03-26T08:12:46.123Z", "is_read": true, "url": null, "created_at": "2025-03-26T08:12:46.123Z", "updated_at": "2025-03-26T09:10:21.697Z"}}, {"model": "maintenance.notification", "pk": 236, "fields": {"user": 9, "type": "work_order", "message": "You have been assigned a new work order task: Work Order #20 - Transformer 60 (00999).", "timestamp": "2025-03-26T08:15:59.474Z", "is_read": false, "url": null, "created_at": "2025-03-26T08:15:59.474Z", "updated_at": "2025-03-26T08:15:59.474Z"}}, {"model": "maintenance.notification", "pk": 237, "fields": {"user": 6, "type": "work_order", "message": "You have been assigned a new work order task: Work Order #20 - Transformer 60 (00999).", "timestamp": "2025-03-26T08:15:59.490Z", "is_read": true, "url": null, "created_at": "2025-03-26T08:15:59.490Z", "updated_at": "2025-03-26T08:16:08.221Z"}}, {"model": "maintenance.notification", "pk": 238, "fields": {"user": 4, "type": "work_order", "message": "The work order for Transformer 60 has been marked as complete.", "timestamp": "2025-03-26T08:16:52.879Z", "is_read": true, "url": null, "created_at": "2025-03-26T08:16:52.879Z", "updated_at": "2025-03-26T09:07:17.298Z"}}, {"model": "maintenance.notification", "pk": 239, "fields": {"user": 6, "type": "work_order", "message": "The work order for Transformer 60 has been approved by manager.bole.", "timestamp": "2025-03-26T08:17:47.845Z", "is_read": true, "url": null, "created_at": "2025-03-26T08:17:47.845Z", "updated_at": "2025-04-07T09:50:40.575Z"}}, {"model": "maintenance.notification", "pk": 240, "fields": {"user": 9, "type": "work_order", "message": "The work order for Transformer 60 has been approved by manager.bole.", "timestamp": "2025-03-26T08:17:47.855Z", "is_read": false, "url": null, "created_at": "2025-03-26T08:17:47.856Z", "updated_at": "2025-03-26T08:17:47.856Z"}}, {"model": "maintenance.notification", "pk": 241, "fields": {"user": 4, "type": "work_order", "message": "New work order: shade 100.", "timestamp": "2025-04-07T09:56:48.530Z", "is_read": true, "url": null, "created_at": "2025-04-07T09:56:48.530Z", "updated_at": "2025-04-07T09:57:48.729Z"}}, {"model": "maintenance.notification", "pk": 242, "fields": {"user": 10, "type": "work_order", "message": "You have been assigned a new work order task: Work Order #21 - Transformer 60 (00999).", "timestamp": "2025-04-07T10:03:22.510Z", "is_read": true, "url": null, "created_at": "2025-04-07T10:03:22.510Z", "updated_at": "2025-04-07T10:04:22.535Z"}}, {"model": "maintenance.notification", "pk": 243, "fields": {"user": 6, "type": "work_order", "message": "You have been assigned a new work order task: Work Order #21 - Transformer 60 (00999).", "timestamp": "2025-04-07T10:03:22.510Z", "is_read": true, "url": null, "created_at": "2025-04-07T10:03:22.510Z", "updated_at": "2025-04-07T10:03:44.124Z"}}, {"model": "maintenance.notification", "pk": 244, "fields": {"user": 4, "type": "work_order", "message": "New work order: shade 101.", "timestamp": "2025-04-07T11:22:18.836Z", "is_read": true, "url": null, "created_at": "2025-04-07T11:22:18.836Z", "updated_at": "2025-04-07T11:22:58.153Z"}}, {"model": "maintenance.notification", "pk": 245, "fields": {"user": 10, "type": "work_order", "message": "You have been assigned a price estimation task for the work order : Work Order #22 - Transformer 60 (00999).", "timestamp": "2025-04-07T11:36:16.778Z", "is_read": false, "url": null, "created_at": "2025-04-07T11:36:16.778Z", "updated_at": "2025-04-07T11:36:16.778Z"}}, {"model": "maintenance.notification", "pk": 246, "fields": {"user": 6, "type": "work_order", "message": "You have been assigned a price estimation task for the work order : Work Order #22 - Transformer 60 (00999).", "timestamp": "2025-04-07T11:36:16.778Z", "is_read": true, "url": null, "created_at": "2025-04-07T11:36:16.778Z", "updated_at": "2025-04-07T11:36:32.322Z"}}, {"model": "maintenance.notification", "pk": 247, "fields": {"user": 4, "type": "work_order", "message": "The Price for work order Work Order #22 - Transformer 60 (00999) of Transformer 60 has been estimated as None .", "timestamp": "2025-04-07T13:12:30.499Z", "is_read": false, "url": null, "created_at": "2025-04-07T13:12:30.499Z", "updated_at": "2025-04-07T13:12:30.499Z"}}, {"model": "maintenance.notification", "pk": 248, "fields": {"user": 7, "type": "work_order", "message": "The Price for work order Work Order #22 - Transformer 60 (00999) of Transformer 60 has been estimated as None please confirm if you agree .", "timestamp": "2025-04-07T13:12:30.516Z", "is_read": false, "url": null, "created_at": "2025-04-07T13:12:30.516Z", "updated_at": "2025-04-07T13:12:30.516Z"}}, {"model": "maintenance.notification", "pk": 249, "fields": {"user": 4, "type": "work_order", "message": "The Price for work order Work Order #22 - Transformer 60 (00999) of Transformer 60 has been estimated as 500.", "timestamp": "2025-04-07T14:15:03.401Z", "is_read": true, "url": null, "created_at": "2025-04-07T14:15:03.401Z", "updated_at": "2025-04-07T14:15:38.194Z"}}, {"model": "maintenance.notification", "pk": 250, "fields": {"user": 7, "type": "work_order", "message": "The Price for work order Work Order #22 - Transformer 60 (00999) of Transformer 60 has been estimated as 500 please confirm if you agree.", "timestamp": "2025-04-07T14:15:03.401Z", "is_read": false, "url": null, "created_at": "2025-04-07T14:15:03.401Z", "updated_at": "2025-04-07T14:15:03.401Z"}}, {"model": "maintenance.notification", "pk": 251, "fields": {"user": 4, "type": "work_order", "message": "The Price for work order Work Order #22 - Transformer 60 (00999) of Transformer 60 has been confirmed by client.bole as 500.00 .", "timestamp": "2025-04-07T14:24:20.814Z", "is_read": true, "url": null, "created_at": "2025-04-07T14:24:20.814Z", "updated_at": "2025-04-07T14:24:40.160Z"}}, {"model": "maintenance.notification", "pk": 252, "fields": {"user": 4, "type": "work_order", "message": "The Price for work order Work Order #22 - Transformer 60 (00999) of Transformer 60 has been confirmed by client.bole as 500.00 .", "timestamp": "2025-04-07T14:27:21.750Z", "is_read": false, "url": null, "created_at": "2025-04-07T14:27:21.750Z", "updated_at": "2025-04-07T14:27:21.750Z"}}, {"model": "maintenance.notification", "pk": 253, "fields": {"user": 9, "type": "work_order", "message": "You have been assigned a price estimation task for the work order : Work Order #22 - Transformer 60 (00999).", "timestamp": "2025-04-07T19:31:24.628Z", "is_read": false, "url": null, "created_at": "2025-04-07T19:31:24.628Z", "updated_at": "2025-04-07T19:31:24.628Z"}}, {"model": "maintenance.notification", "pk": 254, "fields": {"user": 9, "type": "work_order", "message": "You have been assigned a new work order task: Work Order #22 - Transformer 60 (00999).", "timestamp": "2025-04-07T19:31:24.634Z", "is_read": true, "url": null, "created_at": "2025-04-07T19:31:24.634Z", "updated_at": "2025-04-07T19:31:37.162Z"}}, {"model": "maintenance.notification", "pk": 255, "fields": {"user": 4, "type": "work_order", "message": "The work order for Transformer 60 has been marked as complete.", "timestamp": "2025-04-07T19:40:13.169Z", "is_read": true, "url": null, "created_at": "2025-04-07T19:40:13.169Z", "updated_at": "2025-04-07T19:40:27.592Z"}}, {"model": "maintenance.notification", "pk": 256, "fields": {"user": 6, "type": "work_order", "message": "The work order for Transformer 60 has been rejected by manager.bole.", "timestamp": "2025-04-07T19:40:47.664Z", "is_read": false, "url": null, "created_at": "2025-04-07T19:40:47.664Z", "updated_at": "2025-04-07T19:40:47.664Z"}}, {"model": "maintenance.notification", "pk": 257, "fields": {"user": 9, "type": "work_order", "message": "The work order for Transformer 60 has been rejected by manager.bole.", "timestamp": "2025-04-07T19:40:47.673Z", "is_read": true, "url": null, "created_at": "2025-04-07T19:40:47.673Z", "updated_at": "2025-04-07T19:40:53.413Z"}}, {"model": "maintenance.notification", "pk": 258, "fields": {"user": 4, "type": "work_order", "message": "The work order for Transformer 60 has been marked as complete.", "timestamp": "2025-04-07T19:40:59.804Z", "is_read": true, "url": null, "created_at": "2025-04-07T19:40:59.804Z", "updated_at": "2025-04-07T19:41:20.930Z"}}, {"model": "maintenance.notification", "pk": 259, "fields": {"user": 6, "type": "work_order", "message": "The work order for Transformer 60 has been approved by manager.bole.", "timestamp": "2025-04-07T19:41:25.444Z", "is_read": false, "url": null, "created_at": "2025-04-07T19:41:25.444Z", "updated_at": "2025-04-07T19:41:25.444Z"}}, {"model": "maintenance.notification", "pk": 260, "fields": {"user": 9, "type": "work_order", "message": "The work order for Transformer 60 has been approved by manager.bole.", "timestamp": "2025-04-07T19:41:25.448Z", "is_read": false, "url": null, "created_at": "2025-04-07T19:41:25.448Z", "updated_at": "2025-04-07T19:41:25.448Z"}}, {"model": "maintenance.notification", "pk": 261, "fields": {"user": 9, "type": "work_order", "message": "You have been assigned a price estimation task for the work order : Work Order #21 - Transformer 60 (00999).", "timestamp": "2025-04-07T20:02:39.040Z", "is_read": true, "url": null, "created_at": "2025-04-07T20:02:39.040Z", "updated_at": "2025-04-07T20:03:01.797Z"}}, {"model": "maintenance.notification", "pk": 262, "fields": {"user": 4, "type": "work_order", "message": "The Price for work order Work Order #21 - Transformer 60 (00999) of Transformer 60 has been estimated as 900.", "timestamp": "2025-04-07T20:03:16.614Z", "is_read": false, "url": null, "created_at": "2025-04-07T20:03:16.614Z", "updated_at": "2025-04-07T20:03:16.614Z"}}, {"model": "maintenance.notification", "pk": 263, "fields": {"user": 7, "type": "work_order", "message": "The Price for work order Work Order #21 - Transformer 60 (00999) of Transformer 60 has been estimated as 900 please confirm if you agree.", "timestamp": "2025-04-07T20:03:16.614Z", "is_read": true, "url": null, "created_at": "2025-04-07T20:03:16.614Z", "updated_at": "2025-04-07T20:04:09.110Z"}}, {"model": "maintenance.notification", "pk": 264, "fields": {"user": 4, "type": "work_order", "message": "The Price for work order Work Order #21 - Transformer 60 (00999) of Transformer 60 has been confirmed by client.bole as 900.00 .", "timestamp": "2025-04-07T20:04:26.501Z", "is_read": true, "url": null, "created_at": "2025-04-07T20:04:26.501Z", "updated_at": "2025-04-07T20:05:01.822Z"}}, {"model": "maintenance.notification", "pk": 265, "fields": {"user": 6, "type": "work_order", "message": "You have been assigned a price estimation task for the work order : Work Order #21 - Transformer 60 (00999).", "timestamp": "2025-04-07T20:05:40.637Z", "is_read": false, "url": null, "created_at": "2025-04-07T20:05:40.637Z", "updated_at": "2025-04-07T20:05:40.637Z"}}, {"model": "maintenance.notification", "pk": 266, "fields": {"user": 6, "type": "work_order", "message": "You have been assigned a new work order task: Work Order #21 - Transformer 60 (00999).", "timestamp": "2025-04-07T20:05:40.650Z", "is_read": true, "url": null, "created_at": "2025-04-07T20:05:40.650Z", "updated_at": "2025-04-07T20:06:26.672Z"}}, {"model": "maintenance.notification", "pk": 267, "fields": {"user": 4, "type": "work_order", "message": "The work order for Transformer 60 has been marked as complete.", "timestamp": "2025-04-07T20:06:46.651Z", "is_read": true, "url": null, "created_at": "2025-04-07T20:06:46.651Z", "updated_at": "2025-04-07T20:06:54.175Z"}}, {"model": "maintenance.notification", "pk": 268, "fields": {"user": 6, "type": "work_order", "message": "The work order for Transformer 60 has been approved by manager.bole.", "timestamp": "2025-04-07T20:07:01.702Z", "is_read": false, "url": null, "created_at": "2025-04-07T20:07:01.702Z", "updated_at": "2025-04-07T20:07:01.702Z"}}, {"model": "maintenance.notification", "pk": 269, "fields": {"user": 10, "type": "work_order", "message": "The work order for Transformer 60 has been approved by manager.bole.", "timestamp": "2025-04-07T20:07:01.714Z", "is_read": false, "url": null, "created_at": "2025-04-07T20:07:01.714Z", "updated_at": "2025-04-07T20:07:01.714Z"}}, {"model": "maintenance.notification", "pk": 270, "fields": {"user": 6, "type": "maintenance", "message": "You have been assigned a new maintenance task: Transformer 03.", "timestamp": "2025-04-08T10:48:34.778Z", "is_read": false, "url": null, "created_at": "2025-04-08T10:48:34.778Z", "updated_at": "2025-04-08T10:48:34.778Z"}}, {"model": "maintenance.notification", "pk": 271, "fields": {"user": 4, "type": "maintenance", "message": "The maintenance task for Transformer 03 has been marked as complete.", "timestamp": "2025-04-08T10:49:30.242Z", "is_read": false, "url": null, "created_at": "2025-04-08T10:49:30.242Z", "updated_at": "2025-04-08T10:49:30.242Z"}}, {"model": "maintenance.notification", "pk": 272, "fields": {"user": 6, "type": "maintenance", "message": "You have been assigned a new maintenance task: Transformer 03.", "timestamp": "2025-04-08T11:14:07.874Z", "is_read": true, "url": null, "created_at": "2025-04-08T11:14:07.874Z", "updated_at": "2025-04-11T06:32:28.656Z"}}, {"model": "maintenance.notification", "pk": 273, "fields": {"user": 4, "type": "low_spare_part", "message": "Low stock alert: spare 1 bole is below 5 in Bole Lemi SEZ.", "timestamp": "2025-04-08T11:15:12.271Z", "is_read": false, "url": null, "created_at": "2025-04-08T11:15:12.271Z", "updated_at": "2025-04-08T11:15:12.271Z"}}, {"model": "maintenance.notification", "pk": 274, "fields": {"user": 4, "type": "maintenance", "message": "The maintenance task for Transformer 03 has been marked as complete.", "timestamp": "2025-04-08T11:15:15.921Z", "is_read": false, "url": null, "created_at": "2025-04-08T11:15:15.921Z", "updated_at": "2025-04-08T11:15:15.921Z"}}, {"model": "maintenance.notification", "pk": 275, "fields": {"user": 6, "type": "maintenance", "message": "You have been assigned a new maintenance task: Transformer 60.", "timestamp": "2025-04-11T06:30:38.908Z", "is_read": false, "url": null, "created_at": "2025-04-11T06:30:38.908Z", "updated_at": "2025-04-11T06:30:38.908Z"}}, {"model": "maintenance.notification", "pk": 276, "fields": {"user": 4, "type": "work_order", "message": "New work order: shade 20.", "timestamp": "2025-04-11T07:00:11.454Z", "is_read": true, "url": null, "created_at": "2025-04-11T07:00:11.456Z", "updated_at": "2025-04-11T07:00:23.528Z"}}, {"model": "maintenance.notification", "pk": 277, "fields": {"user": 9, "type": "work_order", "message": "You have been assigned a price estimation task for the work order : Work Order #23 - Transformer 60 (00999).", "timestamp": "2025-04-11T07:01:20.424Z", "is_read": false, "url": null, "created_at": "2025-04-11T07:01:20.424Z", "updated_at": "2025-04-11T07:01:20.424Z"}}, {"model": "maintenance.notification", "pk": 278, "fields": {"user": 6, "type": "work_order", "message": "You have been assigned a price estimation task for the work order : Work Order #23 - Transformer 60 (00999).", "timestamp": "2025-04-11T07:01:20.447Z", "is_read": true, "url": null, "created_at": "2025-04-11T07:01:20.447Z", "updated_at": "2025-04-11T07:01:53.528Z"}}, {"model": "maintenance.notification", "pk": 279, "fields": {"user": 4, "type": "work_order", "message": "The Price for work order Work Order #23 - Transformer 60 (00999) of Transformer 60 has been estimated as 1000.", "timestamp": "2025-04-11T07:52:40.283Z", "is_read": false, "url": null, "created_at": "2025-04-11T07:52:40.283Z", "updated_at": "2025-04-11T07:52:40.283Z"}}, {"model": "maintenance.notification", "pk": 280, "fields": {"user": 7, "type": "work_order", "message": "The Price for work order Work Order #23 - Transformer 60 (00999) of Transformer 60 has been estimated as 1000 please confirm if you agree.", "timestamp": "2025-04-11T07:52:40.313Z", "is_read": true, "url": null, "created_at": "2025-04-11T07:52:40.316Z", "updated_at": "2025-04-11T07:53:29.357Z"}}, {"model": "maintenance.notification", "pk": 281, "fields": {"user": 4, "type": "work_order", "message": "The Price for work order Work Order #23 - Transformer 60 (00999) of Transformer 60 has been confirmed by client.bole as 1000.00 .", "timestamp": "2025-04-11T07:53:37.345Z", "is_read": false, "url": null, "created_at": "2025-04-11T07:53:37.346Z", "updated_at": "2025-04-11T07:53:37.346Z"}}, {"model": "maintenance.notification", "pk": 282, "fields": {"user": 4, "type": "work_order", "message": "The work order for Transformer 60 has been marked as complete.", "timestamp": "2025-04-11T07:56:52.817Z", "is_read": false, "url": null, "created_at": "2025-04-11T07:56:52.817Z", "updated_at": "2025-04-11T07:56:52.817Z"}}, {"model": "maintenance.notification", "pk": 283, "fields": {"user": 6, "type": "maintenance", "message": "You have been assigned a new maintenance task: Transformer 60.", "timestamp": "2025-04-13T16:45:29.009Z", "is_read": false, "url": null, "created_at": "2025-04-13T16:45:29.009Z", "updated_at": "2025-04-13T16:45:29.009Z"}}, {"model": "maintenance.notification", "pk": 284, "fields": {"user": 4, "type": "maintenance", "message": "The maintenance task for Transformer 60 has been marked as complete.", "timestamp": "2025-04-13T18:43:00.464Z", "is_read": true, "url": null, "created_at": "2025-04-13T18:43:00.464Z", "updated_at": "2025-04-13T18:43:22.567Z"}}, {"model": "maintenance.schedulerlock", "pk": 1, "fields": {"locked": true}}]
